item,value
persons_read,32271
households,15128
households_with_person_values_summing_to_aggregate,15128
largest_person_to_household_difference_gbp,0.0
dependent_children_excluded,4996
dependent_children_with_a_value,0
donor_adults,27275
donor_adults_weighted_millions,50.2
released_flag_value_disagreements,0
holders_released,141
weighted_adult_ownership_pct_released,0.930
observed_non_holders,26888
ons_imputed_non_holders,246
holders_exact_value,107
holders_banded_or_ons_imputed,13
holders_recoded_for_age,21
recoded_pct_of_weighted_released_holders,4.290
recoded_pct_of_weighted_lisa_mass,26.155
holders_above_balance_ceiling,<10
balance_ceiling_gbp,40000
holders_after_rule,120
weighted_adult_ownership_pct_after_rule,0.890
