population,age_group,weighted_adult_share_pct,gross_financial_wealth_weighted_median_gbp,gross_financial_wealth_weighted_mean_log1p,savings_weighted_mean_log1p,cash_isa_weighted_mean_log1p,stocks_and_shares_isa_weighted_mean_log1p,employment_income_weighted_mean_log1p,private_renter_share_pct
donor,18-24,9.3,12200,9.21,5.72,2.5,1.11,5.59,19.0
donor,25-34,17.3,8820,8.75,5.02,2.34,0.92,7.76,26.0
donor,35-44,16.6,12000,9.13,5.13,2.71,1.08,7.83,21.0
donor,45-54,17.1,15000,9.25,5.53,2.61,1.32,7.52,17.7
donor,55+,39.7,31800,9.94,5.79,3.57,1.85,2.7,8.3
spine,18-24,8.3,48800,10.37,6.75,3.77,2.18,6.02,30.3
spine,25-34,15.0,26300,9.87,5.93,3.28,1.71,8.16,35.1
spine,35-44,16.9,30200,10.1,5.99,3.13,1.87,8.19,23.6
spine,45-54,14.9,47000,10.43,6.43,3.59,2.41,7.89,15.4
spine,55+,44.8,70300,10.69,6.6,4.22,2.57,3.17,7.0
spine frs-channel rows,18-24,9.9,46100,10.3,6.55,3.61,2.03,4.63,32.0
spine frs-channel rows,25-34,17.1,27800,9.95,6.03,3.38,1.77,7.58,36.2
spine frs-channel rows,35-44,16.9,32000,10.16,6.16,3.15,1.93,7.75,23.4
spine frs-channel rows,45-54,15.5,50200,10.42,6.48,3.58,2.41,7.35,15.7
spine frs-channel rows,55+,40.7,63800,10.51,6.39,3.93,2.47,2.73,6.9
spine spi-channel rows,18-24,6.6,52300,10.47,7.07,4.0,2.4,8.18,27.7
spine spi-channel rows,25-34,12.9,23500,9.76,5.79,3.14,1.62,8.96,33.5
spine spi-channel rows,35-44,16.9,28300,10.04,5.82,3.1,1.81,8.64,23.8
spine spi-channel rows,45-54,14.4,41600,10.43,6.39,3.6,2.4,8.49,15.1
spine spi-channel rows,55+,49.2,75400,10.85,6.77,4.47,2.64,3.54,7.0
