arm,product,budget,cps_years,acs_fill_share,seed,acs,clones,cps,rows_acs,rows_cps_physical,rows_total,distinct_households,ess_cd_distinct_median,ess_cd_distinct_p10,ess_distinct_households,ess_distinct_households_initial,ess_rows,ess_rows_initial,ess_source_records,train_loss_final,train_targets,runtime_epochs,runtime_peak_rss_gb,runtime_solve_s,runtime_threads,runtime_wall_s,report_report.spm_poor_children,report_report.spm_poor_persons,report_spm_child_rate,report_spm_rate
b1200k.cps0.acs100.s0,local,1200000,0,1.0,0,1200000,0,0,1200000,0,1200000,1200000,636.5990995208797,459.6782619090842,272607.14156716655,637875.3901337923,272607.14156716655,637875.3901337923,272607.14156716655,0.0673326700925827,28117,1500,13.81,1863.2,4,1886.3,9706792.913847022,43565989.28294736,0.12262800619806784,0.1296146310854488
b1200k.cps2022-2023-2024.acs000.s0,local,1200000,3,0.0,0,0,1031148,168852,0,2508197,2508197,130294,748.4166677718274,546.7182397113581,54291.8721808348,86558.24850894252,623489.3470239063,1763224.2814842558,434099.0452579522,0.048716843128204346,28120,1500,27.87,3290.7,4,3332.2,11988965.648844972,47089390.14461281,0.15666657007852755,0.1398509828547955
b1200k.cps2022-2023-2024.acs100.s0,local,1200000,3,1.0,0,1031148,0,168852,1031148,352932,1384080,1161442,755.6606664571596,564.4997279533579,276474.1544207648,634911.9042601348,324232.6203824569,701288.0088424678,297379.04862366506,0.06211160123348236,28120,1500,15.86,2143.4,4,2173.3,10270918.428785808,44123094.02452402,0.13101462183085877,0.13108506908279016
b1200k.cps2023-2024.acs000.s0,local,1200000,2,0.0,0,0,1087987,112013,0,2512844,2512844,92547,627.771262112879,427.73007308594583,38732.49652443986,62206.50135809787,636276.3483267163,1762923.5167594533,441457.4362367083,0.050769366323947906,28120,1500,17.97,12600.2,6,12789.2,11759675.23438855,46790443.02373776,0.1535449563501897,0.13889392986163127
b1200k.cps2023-2024.acs100.s0,local,1200000,2,1.0,0,1087987,0,112013,1087987,234556,1322543,1180534,723.5489724300639,531.0370034191171,278972.2214834125,640683.4177700127,309737.8669671637,678604.2884228699,290788.2528424138,0.06619999557733536,28120,1500,15.18,2220.5,4,2252.5,10119732.913427562,43951757.3943063,0.1286390438138022,0.13061483508748364
b1200k.cps2024.acs000.s0,local,1200000,1,0.0,0,0,1144238,55762,0,2517604,2517604,55762,452.07332576470174,290.42941934839746,23842.90159991112,40937.95655924153,655826.3274084858,1762585.2056385933,452019.63633752876,0.05482560396194458,28117,1500,20.77,8391.4,6,171.0,11640442.073896125,47028176.19078167,0.15159195490070432,0.1396951194421348
b1200k.cps2024.acs100.s0,local,1200000,1,1.0,0,1144238,0,55762,1144238,116990,1261228,1200000,683.0307460946972,493.1350930635777,281840.1947789175,646750.5618705589,291688.996097182,657982.5655365874,281840.1947789174,0.07089728862047195,28120,1500,14.55,2318.2,4,2346.2,9932355.443103073,43795380.26192823,0.1257795622778522,0.13021968662598798
b300k.cps0.acs100.s0,local,300000,0,1.0,0,300000,0,0,300000,0,300000,300000,208.76683350509938,152.5010010892675,88739.42584862383,159507.19151006124,88739.42584862383,159507.19151006124,88739.42584862383,0.09662018716335297,28111,1500,6.01,1131.6,4,1151.0,9994140.472411707,45838969.392857686,0.12793070598915623,0.13651280143787808
b300k.cps2022-2023-2024.acs000.s0,local,300000,3,0.0,0,0,131148,168852,0,627089,627089,130294,293.1242316066317,234.0589912011114,53840.515783674804,86558.24850894253,152426.09046800868,406235.7429873301,105855.91877918108,0.05896691977977753,28120,1500,8.02,1258.7,6,50.4,11728490.304637432,47140068.62695289,0.15267437847183218,0.1395504285318954
b300k.cps2022-2023-2024.acs100.s0,local,300000,3,1.0,0,131148,0,168852,131148,352932,484080,261442,267.98911404640273,199.8776713284787,83424.32729710112,156488.83620453524,118261.9895609146,249684.87617608104,96319.21710963502,0.054382581263780594,28120,1500,7.62,2123.3,4,2171.7,11010424.81658316,45877035.76649492,0.14210509344328076,0.136025536219776
b300k.cps2022-2023-2024.acs100.s1,local,300000,3,1.0,1,131148,0,168852,131148,352932,484080,261442,270.8175557388307,207.4290743654512,84651.23842388003,156197.67624045914,120786.86390138796,248944.47269304335,97885.88459997045,0.05536476522684097,28120,1500,7.71,748.4,4,764.3,11251992.610887837,46439322.54574382,0.14546151210114885,0.1377226526604065
b300k.cps2022-2023-2024.acs100.s2,local,300000,3,1.0,2,131148,0,168852,131148,352932,484080,261442,266.85349799871017,198.15991625881577,83676.01853855501,156281.15768732992,119274.72231531299,249156.59368635973,96718.89670479513,0.05362273007631302,28120,1500,7.73,1147.5,4,1173.5,11318567.330588162,46255362.98305111,0.1463442417427448,0.13725096388199526
b300k.cps2023-2024.acs000.s0,local,300000,2,0.0,0,0,187987,112013,0,628217,628217,92547,288.65011252571776,236.55103167715947,39843.02064573599,62206.501358097885,164053.0018089385,425920.40023749234,112941.6994813622,0.06245909258723259,28120,1500,7.77,1418.3,6,62.9,11696127.455528975,47240268.85376501,0.15196137143398145,0.13985880127297973
b300k.cps2023-2024.acs100.s0,local,300000,2,1.0,0,187987,0,112013,187987,234556,422543,280534,258.28781500238244,188.41344471630833,85272.64611894479,162363.95916515277,111345.61534092923,209930.75528175358,93972.5567800582,0.0621991790831089,28120,1500,7.24,1701.6,4,1742.3,10819954.753928734,45818397.78469345,0.13921452614647642,0.13595159977380228
b300k.cps2024.acs000.s0,local,300000,1,0.0,0,0,244238,55762,0,629368,629368,55762,272.12073195851656,210.86143249640017,25941.420332837297,40937.956559241524,180320.44405138228,437374.19822877704,121687.38177596574,0.06928373873233795,28117,1500,8.14,1381.5,6,49.9,11658871.663017869,47383894.11827624,0.150164421240316,0.1401801960058113
b300k.cps2024.acs100.s0,local,300000,1,1.0,0,244238,0,55762,244238,116990,361228,300000,247.76764484201772,178.74622000515888,93725.70814697331,168415.93548620763,104383.5510354031,181311.31435542594,93725.70814697334,0.07791590690612793,28120,1500,2.36,2042.0,4,2192.1,10475134.279326146,45962042.86457038,0.1336279078690531,0.13643628189887907
b300k.cps2024.acs100.s1,local,300000,1,1.0,1,244238,0,55762,244238,116990,361228,300000,250.67828327126307,182.75149307418616,94328.32142441272,168324.0567321345,105202.23781161537,181204.8313243854,94328.32142441267,0.07790804654359818,28120,1500,6.68,655.0,4,666.3,10887165.394025274,46695876.58953652,0.13899435387194597,0.13871900849756835
b300k.cps2024.acs100.s2,local,300000,1,1.0,2,244238,0,55762,244238,116990,361228,300000,254.46022594661866,179.49914879266868,96019.8351263429,168066.56509829275,107165.45812145126,180906.45837064926,96019.8351263429,0.07939135283231735,28118,1500,6.67,556.7,4,567.3,10752683.877311276,46458386.26648162,0.1371049151150891,0.1378664031982895
b600k.cps0.acs100.s0,local,600000,0,1.0,0,600000,0,0,600000,0,600000,600000,364.9598893722962,261.3860070074219,155143.02481544143,319190.3362905997,155143.02481544143,319190.3362905997,155143.02481544143,0.07882141321897507,28117,1500,8.3,1078.2,4,1094.6,10009604.216547772,45125376.066546336,0.12705498826495873,0.13430688708821398
b600k.cps2022-2023-2024.acs000.s0,local,600000,3,0.0,0,0,431148,168852,0,1254039,1254039,130294,500.7993519200179,395.0783737978023,54304.648500122195,86558.24850894253,310443.028954894,865150.5896769182,215764.97453751817,0.05234654247760773,28120,1500,8.85,2287.2,6,117.4,11912006.84935975,47202039.79063299,0.1554219572278197,0.13999598485576026
b600k.cps2022-2023-2024.acs050.s0,local,600000,3,0.5,0,215574,215574,168852,215574,803510,1019084,345868,462.3112487701133,351.84198407069437,91100.40128899252,170471.51209940494,224994.0707954942,533833.497843238,182205.06479474533,0.047680094838142395,28120,1500,13.13,1731.8,4,1756.4,11369900.929462682,45904557.96444516,0.14713191895172575,0.13634912759357135
b600k.cps2022-2023-2024.acs100.s0,local,600000,3,1.0,0,431148,0,168852,431148,352932,784080,561442,448.63763079873604,329.9962314886902,150595.0505577627,315955.71431784425,194306.5847555616,389301.29107731656,168316.10695033797,0.05774381011724472,28120,1500,10.46,1478.4,4,1499.8,10694379.845899804,45186803.03944273,0.13732852485974276,0.13419978680180616
b600k.cps2023-2024.acs000.s0,local,600000,2,0.0,0,0,487987,112013,0,1256347,1256347,92547,452.2526460360601,345.8264044377955,39229.840755440826,62206.501358097914,322095.43995491986,876506.2056315144,222908.5410778321,0.055385854095220566,28120,1500,13.67,2367.6,6,71.9,11769767.391806126,47163669.81806761,0.15344127483400752,0.13986043582834667
b600k.cps2023-2024.acs100.s0,local,600000,2,1.0,0,487987,0,112013,487987,234556,722543,580534,432.5169083712294,320.2611921732755,155524.49115215163,322031.188009703,185081.49131379533,362791.050186207,166213.91257173623,0.0653921589255333,28120,1500,9.91,1561.6,4,1590.8,10497679.488581907,44969203.40838291,0.13413985166711637,0.1335468745502098
b600k.cps2024.acs000.s0,local,600000,1,0.0,0,0,544238,55762,0,1258830,1258830,55762,373.88410477679975,263.72638535233403,24855.053519465826,40937.956559241546,343332.58508595044,880334.3437453978,234488.23139657328,0.060912467539310455,28117,1500,8.07,2523.8,6,98.2,11614913.053483784,47234704.62444273,0.15061274517588585,0.1400389874165899
b600k.cps2024.acs050.s0,local,600000,1,0.5,0,272119,272119,55762,272119,687926,960045,327881,406.59225511494594,318.3977985048655,55461.583853714335,114749.21018201848,221123.9520490093,489715.30208010477,183622.0879160021,0.051492102444171906,28120,1500,10.57,1785.4,4,1813.3,11054844.387464229,45850319.01790954,0.14283335729350186,0.13626589274397086
b600k.cps2024.acs100.s0,local,600000,1,1.0,0,544238,0,55762,544238,116990,661228,600000,406.1440568158041,294.3440927223149,161804.4264631515,327923.64802453225,172362.61011996653,339683.81864361133,161804.42646315147,0.07427364587783813,28120,1500,8.08,1789.4,4,1817.9,10317732.631550636,45084822.43033208,0.13127018767687001,0.13403165416587537
natural.cps2022-2023-2024.acs100.s0,local,0,3,1.0,0,0,0,168852,0,352932,352932,130294,190.7662588538194,155.42287055966597,52073.705552568616,86558.24850894253,94025.73865812777,248529.95030437905,64952.22984653852,0.06600123643875122,28120,1500,4.71,774.9,6,34.5,11418350.796070099,46569084.67845273,0.14802659835552862,0.13765586462752047
natural.cps2023-2024.acs100.s0,local,0,2,1.0,0,0,0,112013,0,234556,234556,92547,141.04816128725298,114.23123748491122,38975.87635266753,62206.501358097885,68731.28222973633,164873.26090208263,46551.89785019205,0.08072442561388016,28103,1500,5.16,699.6,6,18.5,11429484.050330639,46866444.97094107,0.1470708857488013,0.13833162882321093
natural.cps2024.acs100.s0,local,0,1,1.0,0,0,0,55762,0,116990,116990,55762,84.95913408732991,67.1108572841234,26267.168734799732,40937.95655924153,40526.9309224063,81941.59918861713,26267.168734799732,0.11376915127038956,27984,1500,3.25,365.6,6,67.5,11688267.860393524,47292341.423835754,0.147717267270404,0.139334032941409
b1200k.cps0.acs100.s0,national,1200000,0,1.0,0,1200000,0,0,1200000,0,1200000,1200000,543.912125861377,394.5499851383779,233507.8983854827,637875.3901337923,233507.8983854827,637875.3901337923,233507.8983854827,0.03640918433666229,4825,1500,10.01,1180.4,4,1202.2,9591966.75317985,41048256.57024999,0.12247718332286353,0.12096273503666487
b1200k.cps2022-2023-2024.acs000.s0,national,1200000,3,0.0,0,0,1031148,168852,0,2508197,2508197,130294,683.0389799169452,523.1623581302406,45160.28249329324,86558.24850894252,573925.0839945227,1763224.2814842558,395171.5229703896,0.022894863039255142,4828,1500,15.04,6435.3,6,252.2,11355374.259827435,43616010.283807576,0.1465062564067782,0.12760347727080348
b1200k.cps2022-2023-2024.acs100.s0,national,1200000,3,1.0,0,1031148,0,168852,1031148,352932,1384080,1161442,634.7976658792697,486.8391155777681,222919.7725749223,634911.9042601348,275179.2243128017,701288.0088424678,245283.75333559135,0.04171165078878403,4828,1500,11.28,1434.0,4,1464.8,10313150.380732972,41392224.84187276,0.13183373401652163,0.12156959046638176
b1200k.cps2023-2024.acs000.s0,national,1200000,2,0.0,0,0,1087987,112013,0,2512844,2512844,92547,555.4792248827257,415.19865534973974,31904.85055324262,62206.50135809787,580498.744451579,1762923.5167594533,400010.2992546738,0.024002769961953163,4828,1500,12.98,3054.9,6,162.0,11382479.562117398,43869199.15454179,0.14649550773967193,0.1283199041914545
b1200k.cps2023-2024.acs100.s0,national,1200000,2,1.0,0,1087987,0,112013,1087987,234556,1322543,1180534,609.1911053311032,465.1256245917265,230272.02491931393,640683.4177700127,264712.2175271768,678604.2884228699,243196.91667149164,0.0478442944586277,4828,1500,10.96,1377.3,4,1406.4,10113787.189620176,41133426.019427866,0.1292435570215891,0.12094641834021345
b1200k.cps2024.acs000.s0,national,1200000,1,0.0,0,0,1144238,55762,0,2517604,2517604,55762,389.9251916514208,271.21734318759843,18675.74777381174,40937.95655924153,585223.1069359366,1762585.2056385933,401730.2326073889,0.026821570470929146,4825,1500,14.43,3011.8,6,139.6,11369278.149812996,44416300.947438374,0.146897055231995,0.12986795044057076
b1200k.cps2024.acs100.s0,national,1200000,1,1.0,0,1144238,0,55762,1144238,116990,1261228,1200000,579.9641480581517,426.03935885991893,239079.8688512916,646750.5618705589,250350.08231436514,657982.5655365874,239079.86885129148,0.05501589924097061,4828,1500,10.55,1437.8,4,1461.2,9896746.1838122,41104424.76558627,0.12642986740365167,0.12098644519345499
b300k.cps0.acs100.s0,national,300000,0,1.0,0,300000,0,0,300000,0,300000,300000,143.7717104162282,101.51991639123493,60492.10872186916,159507.19151006124,60492.10872186916,159507.19151006124,60492.10872186916,0.040227945894002914,4825,1500,5.01,1087.3,4,1114.9,9641597.450175056,41796155.872448415,0.12305950584913734,0.12306176471961369
b300k.cps2022-2023-2024.acs000.s0,national,300000,3,0.0,0,0,131148,168852,0,627089,627089,130294,251.6042025696189,212.24511310208516,44983.64315566284,86558.24850894253,131797.69918104677,406235.7429873301,90821.32297287899,0.023094959557056427,4828,1500,5.9,923.5,6,42.8,11374899.039060831,43807871.84648985,0.14672511505628388,0.128145449001727
b300k.cps2022-2023-2024.acs100.s0,national,300000,3,1.0,0,131148,0,168852,131148,352932,484080,261442,215.23450369169024,159.42105617247114,69064.95015142651,156488.83620453524,95019.59244673677,249684.87617608104,78646.03072777389,0.02002881094813347,4828,1500,6.2,1295.1,4,1336.5,10584715.73811039,41685376.53160183,0.1358619284794174,0.12216750220843431
b300k.cps2022-2023-2024.acs100.s1,national,300000,3,1.0,1,131148,0,168852,131148,352932,484080,261442,218.29003440104339,162.42046647139554,69333.01365841262,156197.67624045914,95821.48676280671,248944.47269304335,79062.22527509344,0.02108600363135338,4828,1500,6.2,612.2,4,624.9,11021438.86652263,42455789.65204207,0.14160616590720937,0.1244076265597218
b300k.cps2022-2023-2024.acs100.s2,national,300000,3,1.0,2,131148,0,168852,131148,352932,484080,261442,216.55363338989582,166.09240250416968,69661.27215264387,156281.15768732992,96148.07779713064,249156.59368635973,79390.61168351417,0.020376406610012054,4828,1500,5.92,585.4,4,600.5,10861576.97654386,42038924.56430028,0.14008589708860206,0.12330797192083484
b300k.cps2023-2024.acs000.s0,national,300000,2,0.0,0,0,187987,112013,0,628217,628217,92547,246.6306178320836,202.3404539529643,31712.95601798473,62206.501358097885,139424.29536662524,425920.40023749234,96140.03694340873,0.024160226806998253,4828,1500,5.65,943.7,6,56.0,11432612.989863634,44080022.004617095,0.14709869508613466,0.1288981482812852
b300k.cps2023-2024.acs100.s0,national,300000,2,1.0,0,187987,0,112013,187987,234556,422543,280534,196.92729743904806,140.65406142695804,65907.76439890644,162363.95916515277,84145.60518735563,209930.75528175358,71894.01417896678,0.022902067750692368,4828,1500,5.83,614.0,4,635.7,10581508.900618356,41651178.46120613,0.13537529690507638,0.12209002420026782
b300k.cps2024.acs000.s0,national,300000,1,0.0,0,0,244238,55762,0,629368,629368,55762,219.88090668456755,169.45317852319738,18566.939722103863,40937.956559241524,144526.3683928753,437374.19822877704,99170.14517170061,0.02702220343053341,4825,1500,6.19,906.6,6,43.2,11388008.222690105,44598437.878023386,0.14715074007796508,0.13038711883029216
b300k.cps2024.acs100.s0,national,300000,1,1.0,0,244238,0,55762,244238,116990,361228,300000,171.18927088274563,120.72213545828625,63296.633070639335,168415.93548620763,72515.77093181499,181311.31435542594,63296.63307063933,0.0373963788151741,4828,1500,1.41,802.3,4,1030.1,10294694.07570061,41673720.0904639,0.13138742782002952,0.12218612824893674
b300k.cps2024.acs100.s1,national,300000,1,1.0,1,244238,0,55762,244238,116990,361228,300000,170.33106956800424,126.28911015883793,63661.665857208754,168324.0567321345,72997.50108399754,181204.8313243854,63661.665857208776,0.03637304902076721,4828,1500,5.48,446.1,4,457.7,10461103.222164685,42055014.77905263,0.13405258593041433,0.12348572402303655
b300k.cps2024.acs100.s2,national,300000,1,1.0,2,244238,0,55762,244238,116990,361228,300000,173.70731044745685,129.131949389442,65310.50293694685,168066.56509829275,75001.11849491969,180906.45837064926,65310.50293694685,0.036883339285850525,4828,1500,5.36,412.3,4,422.8,10375724.657162812,42051714.29241819,0.13290495142731462,0.12331530934208841
b600k.cps0.acs100.s0,national,600000,0,1.0,0,600000,0,0,600000,0,600000,600000,275.2207044872443,200.5672447286007,119288.30412767422,319190.3362905997,119288.30412767422,319190.3362905997,119288.30412767422,0.03836475685238838,4825,1500,6.55,856.6,4,870.6,9725483.486029487,41574001.55281273,0.12417225908539854,0.12247343785129945
b600k.cps2022-2023-2024.acs000.s0,national,600000,3,0.0,0,0,431148,168852,0,1254039,1254039,130294,454.7753961817672,365.9812050151028,45050.38874639817,86558.24850894253,280281.331022451,865150.5896769182,193068.26427151615,0.022988269105553627,4828,1500,8.44,1486.9,6,101.0,11371756.135731876,43750251.109125644,0.14667396210625794,0.12798974699289783
b600k.cps2022-2023-2024.acs050.s0,national,600000,3,0.5,0,215574,215574,168852,215574,803510,1019084,345868,397.18834157306765,317.194185879134,77830.18085078364,170471.51209940494,193136.0566511478,533833.497843238,157550.8032433334,0.019354643300175667,4828,1500,9.32,1204.5,4,1228.1,10818248.952591147,42031960.58418137,0.1390709414567029,0.1231790923431293
b600k.cps2022-2023-2024.acs100.s0,national,600000,3,1.0,0,431148,0,168852,431148,352932,784080,561442,343.98726405602747,264.11520392021356,113040.62619633827,315955.71431784425,151507.81294054587,389301.29107731656,128327.01916547072,0.023899151012301445,4828,1500,7.93,996.9,4,1024.0,10726110.603100806,42260022.086715564,0.1373884972456171,0.12397400507814195
b600k.cps2023-2024.acs000.s0,national,600000,2,0.0,0,0,487987,112013,0,1256347,1256347,92547,407.432608967661,318.0259011306876,31780.55376763681,62206.501358097914,287428.0976136814,876506.2056315144,198151.41973040573,0.024079127237200737,4828,1500,9.43,1609.5,6,59.0,11412792.855736494,43997041.19816533,0.14684513849505035,0.12867326104459959
b600k.cps2023-2024.acs100.s0,national,600000,2,1.0,0,487987,0,112013,487987,234556,722543,580534,324.10843024060046,251.381966421416,114433.20966057874,322031.188009703,142440.39644767783,362791.050186207,124304.35082513398,0.0358051136136055,4828,1500,7.49,1327.1,4,1354.9,10440162.816235783,41550040.864334404,0.13339031800201104,0.12193002120303904
b600k.cps2024.acs000.s0,national,600000,1,0.0,0,0,544238,55762,0,1258830,1258830,55762,310.47344920072624,225.91142117354306,18612.508981182837,40937.956559241546,291487.9745290404,880334.3437453978,200108.9125813431,0.026919201016426086,4825,1500,7.47,1621.4,6,85.3,11372131.305653334,44538257.58970815,0.1469275383118905,0.13021938841996092
b600k.cps2024.acs050.s0,national,600000,1,0.5,0,272119,272119,55762,272119,687926,960045,327881,343.8278869112812,268.51730477671015,45347.92882155529,114749.21018201848,184474.2557012649,489715.30208010477,155148.95997585973,0.021330222487449646,4828,1500,9.15,1195.0,4,1224.6,10719044.044821162,42154177.302658916,0.1377625434927752,0.12352896615205017
b600k.cps2024.acs100.s0,national,600000,1,1.0,0,544238,0,55762,544238,116990,661228,600000,308.4210871605093,227.44736055047443,121891.03572378987,327923.64802453225,132440.09677401997,339683.81864361133,121891.03572378986,0.04838469624519348,4828,1500,7.0,1435.0,4,1457.6,10107732.423939351,41379590.19807629,0.12916048039766112,0.12163801582352916
natural.cps2022-2023-2024.acs100.s0,national,0,3,1.0,0,0,0,168852,0,352932,352932,130294,162.07307651019124,135.8825931190194,44942.90129089897,86558.24850894253,80524.24306066195,248529.95030437905,55412.73795665963,0.02311604470014572,4828,1500,3.98,494.9,6,30.9,11386375.854607224,43843039.51912677,0.14687699979485672,0.1282397736539901
natural.cps2023-2024.acs100.s0,national,0,2,1.0,0,0,0,112013,0,234556,234556,92547,110.2017029609713,90.97968053735669,31671.325578832886,62206.501358097885,53851.125087605615,164873.26090208263,37114.08063691554,0.02424626424908638,4828,1500,4.56,461.8,6,16.7,11443507.481101513,44138225.16565478,0.1471996237820945,0.12904456215569654
natural.cps2024.acs100.s0,national,0,1,1.0,0,0,0,55762,0,116990,116990,55762,56.46558618528475,44.74623298966674,18525.796531333322,40937.95655924153,27014.978824456142,81941.59918861713,18525.796531333322,0.027136798948049545,4825,1500,3.36,268.8,6,64.2,11400368.045695305,44687541.00171065,0.147337092895218,0.13063829061507248
