product,arm,budget,cps_years,acs_fill_share,seed,rows,ess_distinct,cps_native_weighted.state,cps_native_weighted.cd,income_components.state,income_components.cd,tax_items.state,tax_items.cd,program_receipt.state,demographics_pep.state,acs_native.state,acs_native.cd,acs_native.county
local,natural.cps2024.acs100.s0,0,1,1.0,0,116990,26267.168734799732,0.13988907944788584,0.26982559244311777,0.2562402942508585,0.368628785306787,0.1409739736411195,0.32782135195928086,0.24908093565333903,0.13138699051834574,0.1312090190491272,0.2781213343284405,0.34225493884421215
local,natural.cps2023-2024.acs100.s0,0,2,1.0,0,234556,38975.87635266753,0.12366293435387953,0.22202347910365358,0.2353600697008607,0.3150915957351537,0.11172690325900313,0.26165240206543205,0.24257472693888676,0.14465280966012622,0.1332678034709188,0.2664854242757982,0.31559512742870954
local,natural.cps2022-2023-2024.acs100.s0,0,3,1.0,0,352932,52073.705552568616,0.11630036428536247,0.20918799149251538,0.2171361498676638,0.2924916286167124,0.10119344800103709,0.2404734489025593,0.2197060765645402,0.15388166362805228,0.13414271223116667,0.26338105805738965,0.2985811492810862
local,b300k.cps0.acs100.s0,300000,0,1.0,0,300000,88739.42584862383,0.13521469683132492,0.20322294104403613,0.23429272769351714,0.294729466333595,0.16692357646531517,0.24936527410608197,0.37258429822471645,0.16305527686288307,0.08196402047177245,0.15106780989338248,0.22369602708311276
local,b300k.cps2024.acs000.s0,300000,1,0.0,0,629368,25941.420332837297,0.1223066780110918,0.19172633377640774,0.2557141656365252,0.2877610780859453,0.11267807862514273,0.21868788082614773,0.23760123984607007,0.15011568577342907,0.13115579133430383,0.26457570025654703,0.2785245604889571
local,b300k.cps2024.acs100.s0,300000,1,1.0,0,361228,93725.70814697331,0.1185864559996078,0.18820290304901868,0.22237544973362444,0.27773335987883097,0.13611389092845289,0.22506711078100425,0.2925484443868418,0.1549464681677243,0.07994127142566784,0.1548359798612499,0.22294114711272878
local,b300k.cps2024.acs100.s1,300000,1,1.0,1,361228,94328.32142441272,0.12123740431226827,0.19480728770828887,0.23419690043695096,0.28571427478389977,0.14052842598636905,0.2289217975598675,0.30919132639747754,0.16845330693532218,0.08140994949870244,0.1518804674508249,0.2195127700022409
local,b300k.cps2024.acs100.s2,300000,1,1.0,2,361228,96019.8351263429,0.1170056820776438,0.19216127518833778,0.22412856083303512,0.3005332842780463,0.1332729999290088,0.22824587666633092,0.26153923293957276,0.15203325967658674,0.07740144949963844,0.1510454075543548,0.21900819017104672
local,b300k.cps2023-2024.acs000.s0,300000,2,0.0,0,628217,39843.02064573599,0.11778397298645633,0.18721730056155442,0.23299819017636778,0.27907417105340565,0.10086916449026685,0.21248577583951866,0.24221674734488627,0.16418836448595092,0.13311944245202448,0.26134690680787614,0.27819669296930083
local,b300k.cps2023-2024.acs100.s0,300000,2,1.0,0,422543,85272.64611894479,0.11691788298368513,0.18977754194383192,0.2320873385842164,0.2809150155724099,0.11975072727313722,0.22387840042788953,0.27350756252784914,0.15692966173306047,0.0960938367399439,0.18396842645681372,0.23500455911363338
local,b300k.cps2022-2023-2024.acs000.s0,300000,3,0.0,0,627089,53840.515783674804,0.11411377942794056,0.19309180716509766,0.21636417669259378,0.2777977077074786,0.09789246569895065,0.21735445534264175,0.22075797974313865,0.1621728690297679,0.1338969427048625,0.2603077214186516,0.2811845361517984
local,b300k.cps2022-2023-2024.acs100.s0,300000,3,1.0,0,484080,83424.32729710112,0.11305897785288188,0.18629552604486727,0.23627019274520367,0.2788047270466411,0.10353524278489439,0.2153780787255036,0.24352550167912812,0.1638588636538814,0.10969956915480833,0.20491682517591076,0.2505315781295922
local,b300k.cps2022-2023-2024.acs100.s1,300000,3,1.0,1,484080,84651.23842388003,0.11220351313714906,0.18951122005219645,0.22564925876059017,0.2810324406006082,0.1049204503493655,0.21924479189506244,0.234554556947064,0.16658090945865134,0.10958702566885979,0.20521579155685976,0.2501376757890562
local,b300k.cps2022-2023-2024.acs100.s2,300000,3,1.0,2,484080,83676.01853855501,0.11115894372530616,0.18961988447543948,0.22425100384819646,0.28318014557709364,0.10067242177324874,0.21774880085486237,0.23294838474251595,0.16657533865686952,0.11002205325531467,0.20224998834242794,0.25110625367342454
local,b600k.cps0.acs100.s0,600000,0,1.0,0,600000,155143.02481544143,0.1275144077655716,0.1876996582007501,0.2167636412860519,0.2775302429807402,0.14896247912328456,0.21918527936460727,0.3329885935813031,0.18202600101728358,0.08083134510715864,0.1454300198858715,0.19829443763219337
local,b600k.cps2024.acs000.s0,600000,1,0.0,0,1258830,24855.053519465826,0.11877694453977253,0.17680395745009028,0.2493814685687504,0.2656953207189058,0.10892226992996659,0.20023622828585266,0.22907564730531144,0.16296383138786746,0.13105083685865165,0.2597983512024205,0.26501232705384486
local,b600k.cps2024.acs050.s0,600000,1,0.5,0,960045,55461.583853714335,0.11248043166463478,0.17453691078898995,0.23432921919635682,0.26250895012461006,0.1028591653418102,0.1959079928120096,0.24338243766687528,0.1683056230460101,0.10238996266908044,0.1980519331231945,0.2258714958237272
local,b600k.cps2024.acs100.s0,600000,1,1.0,0,661228,161804.4264631515,0.11765874312267996,0.17955182545588866,0.2156128538018088,0.2629066416936514,0.13087171934248212,0.20627381142528392,0.2972810264774454,0.17796828282928034,0.07177952705529453,0.13706247961699447,0.19233372872151291
local,b600k.cps2023-2024.acs000.s0,600000,2,0.0,0,1256347,39229.840755440826,0.11412476667747028,0.17316246675353408,0.22726229991374686,0.26006802013216795,0.09638255758435196,0.19193938886986364,0.23832240721713327,0.17274112771628558,0.13321136195419295,0.25727838002070136,0.26352878336961755
local,b600k.cps2023-2024.acs100.s0,600000,2,1.0,0,722543,155524.49115215163,0.11525290455200288,0.1770139784712007,0.2236640895251088,0.26024206825732665,0.12214147564951856,0.20066761534376518,0.2654557263444992,0.17279267026374792,0.08142177716253882,0.1495849738316336,0.1980060865656155
local,b600k.cps2022-2023-2024.acs000.s0,600000,3,0.0,0,1254039,54304.648500122195,0.11410861050180121,0.17884903114114922,0.2107342152095433,0.2571939974229721,0.09722359194488588,0.1978848454201713,0.22116412164157961,0.17540191309020567,0.13427467248120709,0.2560036963169387,0.2634369478156212
local,b600k.cps2022-2023-2024.acs050.s0,600000,3,0.5,0,1019084,91100.40128899252,0.11113820043967697,0.17263625620442757,0.2256603840633608,0.2605500603745919,0.09556850042571938,0.19540517208401864,0.24308717902612242,0.17558813189842468,0.11288732946108254,0.2091762793777027,0.23199637724724315
local,b600k.cps2022-2023-2024.acs100.s0,600000,3,1.0,0,784080,150595.0505577627,0.114789468412254,0.1789329188416786,0.22801475595028387,0.2624714665203537,0.10891701658994464,0.19925786008259666,0.26689463596538643,0.16790058348725412,0.09245370096570511,0.16594369048785165,0.20690356338027988
local,b1200k.cps0.acs100.s0,1200000,0,1.0,0,1200000,272607.14156716655,0.12009737290034002,0.1701355440552087,0.2064762143680669,0.24448238340214953,0.1271958904838077,0.19346215236328823,0.31823459303351853,0.19286922548605295,0.08377822842847181,0.146085628057843,0.17986335417522795
local,b1200k.cps2024.acs000.s0,1200000,1,0.0,0,2517604,23842.90159991112,0.11641484559341059,0.16354791273995997,0.2510104848956959,0.24886446782578253,0.10541087233889969,0.18464326791535787,0.23151973362356593,0.17394744597746561,0.13168696307055947,0.2576876935081074,0.2568528351366444
local,b1200k.cps2024.acs100.s0,1200000,1,1.0,0,1261228,281840.1947789175,0.11608102079866424,0.16894518110206463,0.20351433911134775,0.2449950653366499,0.12267272174567183,0.1906566975362283,0.2780238101680827,0.18843601526452441,0.07203914294295263,0.13632614558291786,0.17434799937487183
local,b1200k.cps2023-2024.acs000.s0,1200000,2,0.0,0,2512844,38732.49652443986,0.11294597103103093,0.16295377877192208,0.22520642293189733,0.24566005803881902,0.09461582123755304,0.18103017107743002,0.23728528309773528,0.18091450159282604,0.13280686435982325,0.25357586737212845,0.2542804791038048
local,b1200k.cps2023-2024.acs100.s0,1200000,2,1.0,0,1322543,278972.2214834125,0.11384964933410756,0.16910860642346667,0.2087877041138612,0.24589179935651825,0.11928718518775158,0.19078676057249827,0.2633482939579282,0.18693261085783902,0.07262779714232684,0.13575081670413913,0.17293727782930754
local,b1200k.cps2022-2023-2024.acs000.s0,1200000,3,0.0,0,2508197,54291.8721808348,0.11442109267333646,0.1697465581137168,0.21367843862950298,0.24795960398287115,0.09556674683309047,0.18474428591598085,0.2177241262978927,0.18276741791355144,0.13500677718039364,0.25333931489785033,0.25305811365915726
local,b1200k.cps2022-2023-2024.acs100.s0,1200000,3,1.0,0,1384080,276474.1544207648,0.11186055630023281,0.16908634247241222,0.20573088273723014,0.24778391771824335,0.11694219144644435,0.1890844995883244,0.25620828156733094,0.1842746202541827,0.07832999721526701,0.14074632726969327,0.17427100458629496
national,natural.cps2024.acs100.s0,0,1,1.0,0,116990,18525.796531333322,0.12049983597210771,0.4162022514092171,0.2696116341504152,0.43919631953037513,0.1121591199800416,0.510954450513885,0.21615851274709622,0.1677059521885838,0.1293147045191051,0.27135322259468203,0.38058905989516406
national,natural.cps2023-2024.acs100.s0,0,2,1.0,0,234556,31671.325578832886,0.11576155147355198,0.37538545244223415,0.2414815948793076,0.4004000810655697,0.1052393000286734,0.441756711126377,0.21174810554203347,0.1702495702655267,0.1290686746808808,0.24199563749570693,0.3307910796607623
national,natural.cps2022-2023-2024.acs100.s0,0,3,1.0,0,352932,44942.90129089897,0.11860534730445384,0.3529233623194683,0.2497527061900134,0.377900474158411,0.10331386245050982,0.4196982722736993,0.2080660654966806,0.16878172366700006,0.13279008542371948,0.23553119972668884,0.3065896363426867
national,b300k.cps0.acs100.s0,300000,0,1.0,0,300000,60492.10872186916,0.13169304429605677,0.28858515868432055,0.26125044364790023,0.35128318424714394,0.1506784259545128,0.3582662830085487,0.3032951550346929,0.17631137645123166,0.09625284915048912,0.1715016414699746,0.2687232158535489
national,b300k.cps2024.acs000.s0,300000,1,0.0,0,629368,18566.939722103863,0.12063198826076389,0.32189089866483583,0.2717766467137627,0.3494025113619567,0.11192711452186348,0.3837250371889004,0.21478031358230748,0.16759991019765672,0.12924684142693119,0.22736645623756077,0.28332760642798005
national,b300k.cps2024.acs100.s0,300000,1,1.0,0,361228,63296.633070639335,0.11953903904096654,0.2978400607957836,0.2488281348041939,0.3526511848914447,0.13256622347613956,0.3674673000569755,0.260413002804286,0.1597233602579953,0.08437693701326647,0.16781924184640074,0.2523281129652437
national,b300k.cps2024.acs100.s1,300000,1,1.0,1,361228,63661.665857208754,0.11661914840475808,0.30168358520759253,0.25097710482668223,0.3612127672330394,0.1292905887274339,0.3738662138340741,0.26814652916269605,0.16668764568786598,0.08717123825305195,0.16713712232365704,0.25849148695700774
national,b300k.cps2024.acs100.s2,300000,1,1.0,2,361228,65310.50293694685,0.11541598940902557,0.3005220010224059,0.24795753418976757,0.3686085945173797,0.12704222296996678,0.37203909943411284,0.1936747199064423,0.15140609544121633,0.08533563592623239,0.16393389505788147,0.254166588886442
national,b300k.cps2023-2024.acs000.s0,300000,2,0.0,0,628217,31712.95601798473,0.11562764400908253,0.33054147462091266,0.241244989898294,0.3541385957210492,0.10525161471376977,0.3912707474902042,0.2117635469327823,0.1703353292068738,0.12890778289864524,0.2231795994140469,0.28072080399957905
national,b300k.cps2023-2024.acs100.s0,300000,2,1.0,0,422543,65907.76439890644,0.11888640763864694,0.2878142425229445,0.23613502945233358,0.34100599629947437,0.12372753888842442,0.36061429401905143,0.21720632272633086,0.17130848948985308,0.09677859722087798,0.17523798284035028,0.25050935671635044
national,b300k.cps2022-2023-2024.acs000.s0,300000,3,0.0,0,627089,44983.64315566284,0.11854427670272775,0.3321059867888933,0.25016928296359214,0.36163690746942406,0.10326926102077237,0.3931206653033833,0.20768612837662662,0.16883232591661937,0.13281746235379505,0.22605383311475916,0.2826408179097745
national,b300k.cps2022-2023-2024.acs100.s0,300000,3,1.0,0,484080,69064.95015142651,0.11331166686918707,0.28861273444626007,0.2175345096397957,0.3433914082891061,0.11122761415655996,0.3557118942484613,0.18389306059868185,0.1694656640096662,0.11069211048143446,0.18794391029654156,0.2565155370254675
national,b300k.cps2022-2023-2024.acs100.s1,300000,3,1.0,1,484080,69333.01365841262,0.11376496397463738,0.29300968619110856,0.2305607520155476,0.34018024084652343,0.11444292204091333,0.36409657696436076,0.19885977768618832,0.15892294151193456,0.10997438651139074,0.18969600467703118,0.258482206028408
national,b300k.cps2022-2023-2024.acs100.s2,300000,3,1.0,2,484080,69661.27215264387,0.11325548479881786,0.2901801531316787,0.22415015708249011,0.35363214799932335,0.1142276152315121,0.35513195329635117,0.21213674854359396,0.16150427764582204,0.10941265707477578,0.18722235416021119,0.26094218345547
national,b600k.cps0.acs100.s0,600000,0,1.0,0,600000,119288.30412767422,0.1262291246707833,0.2616982759657887,0.24966655406897992,0.34241876849049036,0.14197510217799877,0.32361559846110066,0.2929448280688965,0.18272324742321502,0.09199438516595929,0.15584750034837894,0.23180857341310068
national,b600k.cps2024.acs000.s0,600000,1,0.0,0,1258830,18612.508981182837,0.12057185251169063,0.30687692340538353,0.2721350308405871,0.33999991743309776,0.11175801102457911,0.36217559115777576,0.2137667160204601,0.16789701330967022,0.12942095040140011,0.21997932104710263,0.26236143430082415
national,b600k.cps2024.acs050.s0,600000,1,0.5,0,960045,45347.92882155529,0.11229787192101229,0.2717570068677701,0.22744779909141397,0.3195168688854576,0.11440855161234355,0.33195568945586346,0.1980126668984462,0.16224079914628323,0.10443356070238295,0.17423734863805407,0.2304157731970084
national,b600k.cps2024.acs100.s0,600000,1,1.0,0,661228,121891.03572378987,0.11908144246826739,0.26175712201284923,0.23678916833887328,0.3386348678000625,0.12639218991981416,0.32380095096613976,0.26317788342170323,0.16848626972379935,0.07397479512640652,0.1428218204216333,0.21662867894568788
national,b600k.cps2023-2024.acs000.s0,600000,2,0.0,0,1256347,31780.55376763681,0.11542272966741521,0.31332495815823175,0.24089602188398598,0.33438566321263324,0.10524017537062978,0.3679213205348031,0.2116351652999952,0.17051499247871507,0.1289320903995661,0.21499031399206195,0.25916742070039467
national,b600k.cps2023-2024.acs100.s0,600000,2,1.0,0,722543,114433.20966057874,0.11471415226363739,0.2632056561288949,0.22528352031241805,0.329919322491642,0.12315745579178716,0.32541715634264745,0.24584572541285485,0.1594929954913748,0.0858102792358803,0.15195663710199417,0.21782355348432747
national,b600k.cps2022-2023-2024.acs000.s0,600000,3,0.0,0,1254039,45050.38874639817,0.11833054582309997,0.31285834793313,0.2497558167425825,0.33705595250545295,0.1031874802625938,0.3648460542048347,0.20797277066731495,0.16812914955780833,0.13282925144140414,0.21775201596271673,0.2605295301294965
national,b600k.cps2022-2023-2024.acs050.s0,600000,3,0.5,0,1019084,77830.18085078364,0.11140789359832513,0.27158268963159177,0.21346085314456828,0.3188925375284966,0.1115046834722531,0.33195745787437014,0.18740334543196172,0.16310377019843816,0.11295379863337626,0.18167231191613473,0.23213254921021667
national,b600k.cps2022-2023-2024.acs100.s0,600000,3,1.0,0,784080,113040.62619633827,0.11535204156468655,0.26556257898190716,0.2210704782651005,0.32624272978471713,0.11602189617659167,0.3264735047442763,0.2248545879476049,0.15873853658076328,0.0974352559919048,0.16329383882848475,0.22746881055474846
national,b1200k.cps0.acs100.s0,1200000,0,1.0,0,1200000,233507.8983854827,0.12454062249495829,0.24097675335257274,0.23197237474725407,0.30764609969672274,0.13521094558855334,0.29586659384861,0.2996804566303589,0.18441106064342377,0.0917842035176887,0.1466813554821483,0.20483903709451692
national,b1200k.cps2024.acs000.s0,1200000,1,0.0,0,2517604,18675.74777381174,0.12040645674548298,0.30086799088948174,0.27262464031059574,0.3231392586379741,0.11162758094435697,0.3544144309845088,0.21153125590840233,0.16804774526293845,0.12940805275643452,0.21681713600225846,0.25153887807826525
national,b1200k.cps2024.acs100.s0,1200000,1,1.0,0,1261228,239079.8688512916,0.11974241438910847,0.23870036086549926,0.22843448064670446,0.30307481919080115,0.12662306516466945,0.2962492517299004,0.26644343307680296,0.17531622479503287,0.07530363394825186,0.13386317682334467,0.19145386195131606
national,b1200k.cps2023-2024.acs000.s0,1200000,2,0.0,0,2512844,31904.85055324262,0.11527960793480384,0.3030122806705822,0.23993486065598704,0.32792238604490337,0.10524622022884024,0.35415598544893173,0.21081576411829464,0.1701091296385201,0.12894951123162934,0.21222202625655778,0.24812939069358525
national,b1200k.cps2023-2024.acs100.s0,1200000,2,1.0,0,1322543,230272.02491931393,0.11573533800600526,0.24047861362866643,0.21910535458696764,0.297947321629199,0.12140193109356652,0.2990649297438268,0.254270666452558,0.16789323516569246,0.07369448258832513,0.1311205970234169,0.1869661997719246
national,b1200k.cps2022-2023-2024.acs000.s0,1200000,3,0.0,0,2508197,45160.28249329324,0.11867196264629083,0.30242409456170055,0.2513346707648975,0.3235953533512478,0.103106292409962,0.35154523730343396,0.20790520556155948,0.16777266351564055,0.13275665907083536,0.21254249073410422,0.2468187433405679
national,b1200k.cps2022-2023-2024.acs100.s0,1200000,3,1.0,0,1384080,222919.7725749223,0.11332654624626497,0.24370249674460634,0.2170112714257001,0.30008669635968993,0.11848225108641687,0.3009724729875966,0.23949547435783827,0.16572583257448276,0.081210585041972,0.13451133959848416,0.18857556042057552
