key,people,gains,published_people,published_gains
0,0.0,0.0,1000.0,54000000.0
16,4591.106683062192,303442299.52077776,4000.0,319000000.0
25,29043.84217850492,3503538555.224461,27000.0,2499000000.0
35,68727.39311133263,13667976657.630095,65000.0,11775000000.0
45,99327.43261964028,25127464986.391624,98000.0,28422000000.0
55,147240.2102754601,35208165541.64761,144000.0,38118000000.0
65,127153.67847855797,18773222887.034874,125000.0,24260000000.0
75,63764.95439293682,21867574595.025024,68000.0,11736000000.0
85,22238.145895527192,1958541495.100905,19000.0,2076000000.0
