source_geography_id,target_geography_id,pair_population,weight
5001700US0101,5001900US0101,426386,0.587085350472823
5001700US0101,5001900US0102,292410,0.4026155345901558
5001700US0101,5001900US0107,7480,0.010299114937021188
5001700US0102,5001900US0101,291368,0.4201619113265827
5001700US0102,5001900US0102,255316,0.3681737821320728
5001700US0102,5001900US0106,146782,0.2116643065413445
5001700US0103,5001900US0102,120582,0.16402768482394997
5001700US0103,5001900US0103,612621,0.8333482966324415
5001700US0103,5001900US0106,1929,0.0026240185436084947
5001700US0104,5001900US0103,105133,0.149552904626292
5001700US0104,5001900US0104,560556,0.7973973729057074
5001700US0104,5001900US0105,33258,0.04730988844664586
5001700US0104,5001900US0107,4035,0.005739834021354743
5001700US0105,5001900US0104,76606,0.10065142385646077
5001700US0105,5001900US0105,684496,0.8993485761435392
5001700US0106,5001900US0104,54122,0.0730677323108909
5001700US0106,5001900US0106,550545,0.7432665955637159
5001700US0106,5001900US0107,136043,0.1836656721253932
5001700US0107,5001900US0102,49446,0.07439840748949385
5001700US0107,5001900US0104,26470,0.03982780904920322
5001700US0107,5001900US0106,18499,0.02783432714776012
5001700US0107,5001900US0107,570196,0.8579394563135428
5001700US0200,5001900US0200,733391,1.0
5001700US0401,5001900US0402,511992,0.6729210751133601
5001700US0401,5001900US0406,243055,0.3194519287638825
5001700US0401,5001900US0407,5803,0.007626996122757443
5001700US0402,5001900US0406,545263,0.7324098227214236
5001700US0402,5001900US0407,199215,0.2675901772785764
5001700US0403,5001900US0403,78345,0.10075827530949619
5001700US0403,5001900US0406,6293,0.008093328566247488
5001700US0403,5001900US0407,581040,0.7472664277979407
5001700US0403,5001900US0409,111876,0.1438819683263156
5001700US0404,5001900US0401,1193,0.0014832349690360714
5001700US0404,5001900US0402,282620,0.35137625058589644
5001700US0404,5001900US0405,157865,0.19627065246175976
5001700US0404,5001900US0407,1337,0.0016622675218786482
5001700US0404,5001900US0408,7392,0.009190337712585615
5001700US0404,5001900US0409,353916,0.44001725674884345
5001700US0405,5001900US0401,4713,0.005349450923640078
5001700US0405,5001900US0404,239565,0.27191623393206776
5001700US0405,5001900US0405,636747,0.7227343151442922
5001700US0406,5001900US0401,596142,0.758587429281117
5001700US0406,5001900US0404,18,2.2904901394399497e-05
5001700US0406,5001900US0408,189698,0.24138966581748866
5001700US0407,5001900US0401,26850,0.034059254222840125
5001700US0407,5001900US0403,680516,0.8632352866558759
5001700US0407,5001900US0404,1112,0.0014105732102718143
5001700US0407,5001900US0407,7216,0.009153503853706306
5001700US0407,5001900US0408,30245,0.038365815417869625
5001700US0407,5001900US0409,42393,0.053775566639436174
5001700US0408,5001900US0408,550823,0.6578954911914004
5001700US0408,5001900US0409,286427,0.3421045088085996
5001700US0409,5001900US0401,165713,0.2147008675463054
5001700US0409,5001900US0403,35751,0.0463196654194177
5001700US0409,5001900US0404,553916,0.7176639475948133
5001700US0409,5001900US0408,16452,0.02131551943946351
5001700US0501,5001900US0501,689147,0.9619745166027348
5001700US0501,5001900US0502,24711,0.03449387761939061
5001700US0501,5001900US0504,2530,0.0035316057778745596
5001700US0502,5001900US0501,8612,0.011193268442183494
5001700US0502,5001900US0502,727999,0.9462016062054274
5001700US0502,5001900US0504,32780,0.0426051253523891
5001700US0503,5001900US0501,54750,0.06524482599592205
5001700US0503,5001900US0503,713443,0.8502002628860021
5001700US0503,5001900US0504,70954,0.08455491111807585
5001700US0504,5001900US0503,39776,0.0579320067929123
5001700US0504,5001900US0504,646822,0.9420679932070877
5001700US0601,5001900US0601,547266,0.7796311729384362
5001700US0601,5001900US0603,154689,0.22036882706156377
5001700US0602,5001900US0602,718556,0.9994672705194738
5001700US0602,5001900US0604,383,0.0005327294805261642
5001700US0603,5001900US0601,217312,0.28510628248759534
5001700US0603,5001900US0603,12508,0.016410089554901905
5001700US0603,5001900US0604,337929,0.44335186706095664
5001700US0603,5001900US0606,28811,0.037799095791995425
5001700US0603,5001900US0607,8500,0.011151723794105067
5001700US0603,5001900US0608,157154,0.20618094131044562
5001700US0604,5001900US0603,440698,0.5735768215083824
5001700US0604,5001900US0605,317530,0.4132713289680386
5001700US0604,5001900US0620,10105,0.013151849523578969
5001700US0605,5001900US0602,47182,0.06481702810450513
5001700US0605,5001900US0604,426825,0.5863576792146454
5001700US0605,5001900US0608,230991,0.31732758549632795
5001700US0605,5001900US0610,22928,0.0314977071845215
5001700US0606,5001900US0606,358729,0.45526989090650655
5001700US0606,5001900US0607,429219,0.5447301090934935
5001700US0607,5001900US0603,124524,0.15839624501529598
5001700US0607,5001900US0606,369190,0.46961477062411355
5001700US0607,5001900US0607,292441,0.37198898436059047
5001700US0608,5001900US0603,32211,0.04257633696254165
5001700US0608,5001900US0623,653103,0.863268243744275
5001700US0608,5001900US0625,6979,0.009224806918803459
5001700US0608,5001900US0628,6610,0.008737064584222791
5001700US0608,5001900US0633,57644,0.07619354779015712
5001700US0609,5001900US0607,27960,0.03477534085057797
5001700US0609,5001900US0608,28775,0.035788999748761846
5001700US0609,5001900US0609,553116,0.6879398222427856
5001700US0609,5001900US0610,165475,0.20581006892880507
5001700US0609,5001900US0613,28692,0.0356857682290695
5001700US0610,5001900US0605,326749,0.4254993039630482
5001700US0610,5001900US0609,208913,0.2720508282774616
5001700US0610,5001900US0613,232257,0.30244986775949023
5001700US0611,5001900US0608,341129,0.4442495347562175
5001700US0611,5001900US0610,426748,0.5557504652437826
5001700US0612,5001900US0611,710176,0.921098299632949
5001700US0612,5001900US0615,60834,0.078901700367051
5001700US0613,5001900US0612,758548,0.9720213946503122
5001700US0613,5001900US0614,21834,0.027978605349687716
5001700US0614,5001900US0611,49016,0.06565044379946453
5001700US0614,5001900US0615,632172,0.8467107140034904
5001700US0614,5001900US0616,65433,0.08763884219704508
5001700US0615,5001900US0610,145115,0.18214258369722522
5001700US0615,5001900US0614,651596,0.8178574163027748
5001700US0616,5001900US0605,3242,0.004314428983593991
5001700US0616,5001900US0613,409466,0.5449142437372909
5001700US0616,5001900US0620,2117,0.0028172875256842933
5001700US0616,5001900US0621,336607,0.4479540397534308
5001700US0617,5001900US0614,85986,0.10979491822139026
5001700US0617,5001900US0616,4862,0.006208253580727088
5001700US0617,5001900US0617,691844,0.8834107343283735
5001700US0617,5001900US0618,459,0.0005860938695092006
5001700US0618,5001900US0615,66052,0.0881138602040231
5001700US0618,5001900US0616,533744,0.7120184733351921
5001700US0618,5001900US0617,50943,0.06795834161529626
5001700US0618,5001900US0618,7478,0.009975707724303349
5001700US0618,5001900US0619,91404,0.12193361712118524
5001700US0619,5001900US0616,154784,0.20696451421824713
5001700US0619,5001900US0617,16150,0.021594460051586023
5001700US0619,5001900US0618,330564,0.4420031636218255
5001700US0619,5001900US0619,246379,0.32943786210834136
5001700US0620,5001900US0618,424902,0.570455408963183
5001700US0620,5001900US0619,319945,0.42954459103681697
5001700US0621,5001900US0613,97657,0.13713232144938403
5001700US0621,5001900US0620,63392,0.08901657967497827
5001700US0621,5001900US0621,108907,0.1529298435553833
5001700US0621,5001900US0622,442181,0.6209212553202544
5001700US0622,5001900US0605,117489,0.14913689255933982
5001700US0622,5001900US0620,289166,0.3670583516228248
5001700US0622,5001900US0621,307434,0.3902471842222513
5001700US0622,5001900US0622,73704,0.09355757159558412
5001700US0623,5001900US0620,398434,0.51296133935342
5001700US0623,5001900US0621,3380,0.004351559673658773
5001700US0623,5001900US0622,266362,0.3429260762707391
5001700US0623,5001900US0623,19301,0.024848950669020115
5001700US0623,5001900US0627,89256,0.11491207403316198
5001700US0624,5001900US0619,100817,0.1361889465102739
5001700US0624,5001900US0624,638990,0.8631815559935321
5001700US0624,5001900US0626,466,0.0006294974961939717
5001700US0625,5001900US0623,16710,0.02216933070113991
5001700US0625,5001900US0626,119019,0.15790374450741895
5001700US0625,5001900US0627,617493,0.8192343819652296
5001700US0625,5001900US0628,4,5.306841580165149e-06
5001700US0625,5001900US0630,9,1.1940393555371585e-05
5001700US0625,5001900US0632,509,0.0006752955910760152
5001700US0626,5001900US0624,125739,0.17432589246721486
5001700US0626,5001900US0626,595548,0.8256741075327851
5001700US0627,5001900US0627,176,0.00024833082180570373
5001700US0627,5001900US0628,663597,0.936315842942043
5001700US0627,5001900US0630,5731,0.008086272385048226
5001700US0627,5001900US0631,32664,0.0460879429742131
5001700US0627,5001900US0635,6564,0.009261610876889995
5001700US0628,5001900US0627,2,2.805190724917387e-06
5001700US0628,5001900US0628,49400,0.06928821090545946
5001700US0628,5001900US0629,1088,0.0015260237543550585
5001700US0628,5001900US0630,647927,0.9087794054117739
5001700US0628,5001900US0632,6568,0.0092122463406287
5001700US0628,5001900US0634,7979,0.011191308397057917
5001700US0629,5001900US0627,10742,0.015105706193873907
5001700US0629,5001900US0629,669383,0.941305430010603
5001700US0629,5001900US0630,2267,0.0031879199349759955
5001700US0629,5001900US0632,28730,0.040400943860547135
5001700US0630,5001900US0627,42558,0.05691893084747123
5001700US0630,5001900US0629,86980,0.11633085683333445
5001700US0630,5001900US0630,25584,0.03421716074067634
5001700US0630,5001900US0632,592573,0.7925330515785179
5001700US0631,5001900US0623,74287,0.09820269516409197
5001700US0631,5001900US0628,38126,0.05040015017198394
5001700US0631,5001900US0633,558954,0.7389016822963623
5001700US0631,5001900US0635,85099,0.1124954723675618
5001700US0632,5001900US0631,705027,1.0
5001700US0633,5001900US0626,43685,0.06033498103007979
5001700US0633,5001900US0630,52024,0.07185228460819208
5001700US0633,5001900US0632,109065,0.15063373482993367
5001700US0633,5001900US0636,491593,0.678957407108161
5001700US0633,5001900US0643,112,0.00015468737267640921
5001700US0633,5001900US0644,27562,0.038066905050957056
5001700US0634,5001900US0628,154,0.00021893130248487028
5001700US0634,5001900US0630,11379,0.016176748642697004
5001700US0634,5001900US0634,650028,0.9241004979976316
5001700US0634,5001900US0637,41856,0.05950382205718656
5001700US0635,5001900US0633,140620,0.1901359697989118
5001700US0635,5001900US0635,596658,0.8067568444622324
5001700US0635,5001900US0638,2298,0.0031071857388557766
5001700US0636,5001900US0625,579560,0.7578394592763938
5001700US0636,5001900US0641,182850,0.2390968064198506
5001700US0636,5001900US0648,2343,0.0030637343037555917
5001700US0637,5001900US0630,13196,0.01827252875680062
5001700US0637,5001900US0632,20877,0.02890842549679649
5001700US0637,5001900US0634,4189,0.0058005170477597595
5001700US0637,5001900US0636,162472,0.2249753176852766
5001700US0637,5001900US0637,520271,0.720420340165915
5001700US0637,5001900US0643,1172,0.001622870847451525
5001700US0638,5001900US0631,19567,0.027697917595616347
5001700US0638,5001900US0638,484308,0.685558495165215
5001700US0638,5001900US0642,65446,0.09264158608691714
5001700US0638,5001900US0644,38467,0.05445166842901692
5001700US0638,5001900US0645,98655,0.13965033272323457
5001700US0639,5001900US0631,4,5.460236510144437e-06
5001700US0639,5001900US0635,24501,0.03344531368376221
5001700US0639,5001900US0638,255421,0.34866476741440056
5001700US0639,5001900US0640,153061,0.2089373151198044
5001700US0639,5001900US0645,237050,0.3235872661824347
5001700US0639,5001900US0646,62532,0.08535987736308798
5001700US0640,5001900US0634,95498,0.13836058828387263
5001700US0640,5001900US0637,159596,0.23122784192080392
5001700US0640,5001900US0638,15696,0.02274087199421626
5001700US0640,5001900US0642,365251,0.5291874513735655
5001700US0640,5001900US0644,54170,0.07848324642754172
5001700US0641,5001900US0635,20,2.655203269086265e-05
5001700US0641,5001900US0639,739507,0.9817707019560883
5001700US0641,5001900US0641,13711,0.018202746011220888
5001700US0642,5001900US0625,3119,0.0038427657071046194
5001700US0642,5001900US0635,49497,0.06098280673438838
5001700US0642,5001900US0639,17004,0.020949787779290463
5001700US0642,5001900US0640,10910,0.01344167164620436
5001700US0642,5001900US0641,565226,0.6963870117229611
5001700US0642,5001900US0648,165899,0.20439595641005107
5001700US0643,5001900US0636,104159,0.14316738897067213
5001700US0643,5001900US0637,33594,0.04617522504133833
5001700US0643,5001900US0643,544210,0.7480210519660276
5001700US0643,5001900US0644,45570,0.06263633402196189
5001700US0644,5001900US0642,35826,0.050433724966847705
5001700US0644,5001900US0643,209381,0.2947541943639686
5001700US0644,5001900US0644,465151,0.6548120806691837
5001700US0645,5001900US0640,500242,0.6145516864354204
5001700US0645,5001900US0647,313743,0.3854360284768334
5001700US0645,5001900US0649,10,1.2285087746239228e-05
5001700US0646,5001900US0640,39702,0.056491499667044205
5001700US0646,5001900US0645,47095,0.0670109107052402
5001700US0646,5001900US0646,615999,0.8764975896277156
5001700US0647,5001900US0642,290361,0.40628624919718304
5001700US0647,5001900US0644,127031,0.1777475229861013
5001700US0647,5001900US0645,256435,0.3588154549436034
5001700US0647,5001900US0646,40844,0.057150772873112245
5001700US0648,5001900US0640,52176,0.07243316632724031
5001700US0648,5001900US0645,119316,0.16564005813977703
5001700US0648,5001900US0646,38268,0.053125429488861405
5001700US0648,5001900US0647,445318,0.6182112994962052
5001700US0648,5001900US0649,65255,0.09059004654791604
5001700US0649,5001900US0640,2953,0.003937076111027413
5001700US0649,5001900US0648,188,0.00025065029084766463
5001700US0649,5001900US0649,691856,0.9224144022590524
5001700US0649,5001900US0650,55052,0.07339787133907251
5001700US0650,5001900US0648,504993,0.6670008321115822
5001700US0650,5001900US0649,1395,0.0018425327891587748
5001700US0650,5001900US0650,195173,0.25778684735375307
5001700US0650,5001900US0651,55549,0.07336978774550594
5001700US0651,5001900US0625,179702,0.25289054759974783
5001700US0651,5001900US0648,15434,0.021719918040169324
5001700US0651,5001900US0650,70,9.850941187066559e-05
5001700US0651,5001900US0651,195,0.00027441907592542554
5001700US0651,5001900US0652,515191,0.7250166058722868
5001700US0652,5001900US0648,49768,0.06522921578932882
5001700US0652,5001900US0650,407741,0.5344121860463897
5001700US0652,5001900US0651,305462,0.4003585981642815
5001700US0653,5001900US0648,19992,0.026157986808482244
5001700US0653,5001900US0650,101296,0.1325379867823138
5001700US0653,5001900US0651,396995,0.5194372735610948
5001700US0653,5001900US0652,245996,0.3218667528481091
5001700US0801,5001900US0801,721638,0.8583458918488791
5001700US0801,5001900US0806,107475,0.1278351815265525
5001700US0801,5001900US0807,11618,0.013818926624568382
5001700US0802,5001900US0802,543012,0.654923334656016
5001700US0802,5001900US0804,107329,0.12944882725482226
5001700US0802,5001900US0806,854,0.00103000399217004
5001700US0802,5001900US0807,160777,0.19391212160318794
5001700US0802,5001900US0808,17151,0.020685712493803694
5001700US0803,5001900US0802,57632,0.07600589246126313
5001700US0803,5001900US0803,688485,0.9079837047333555
5001700US0803,5001900US0807,12140,0.01601040280538129
5001700US0804,5001900US0802,120888,0.13886601029020018
5001700US0804,5001900US0803,33245,0.03818907180280677
5001700US0804,5001900US0804,468238,0.5378726004753388
5001700US0804,5001900US0806,131,0.00015048182903196534
5001700US0804,5001900US0808,248035,0.2849218356026223
5001700US0805,5001900US0804,8059,0.009681910961018865
5001700US0805,5001900US0805,721714,0.8670518286785915
5001700US0805,5001900US0807,102604,0.12326626036038958
5001700US0806,5001900US0801,76,9.095326199087116e-05
5001700US0806,5001900US0804,138168,0.16535303029940376
5001700US0806,5001900US0806,613221,0.7338743456750527
5001700US0806,5001900US0808,84129,0.10068167076355264
5001700US0807,5001900US0802,188,0.00023293416512306481
5001700US0807,5001900US0807,434558,0.5384223666358979
5001700US0807,5001900US0808,372349,0.4613446991989791
5001700US0901,5001900US0901,696367,0.9703380737792864
5001700US0901,5001900US0902,21287,0.029661926220713602
5001700US0902,5001900US0902,699901,1.0
5001700US0903,5001900US0901,19798,0.027675575933795573
5001700US0903,5001900US0903,695562,0.9723244240662045
5001700US0904,5001900US0903,25627,0.03431501199760048
5001700US0904,5001900US0904,721189,0.9656849880023995
5001700US0905,5001900US0901,5024,0.006918080508060307
5001700US0905,5001900US0905,721189,0.9930819194919397
5001700US1000,5001900US1000,989948,1.0
5001700US1100,5001900US1100,689545,1.0
5001700US1201,5001900US1201,769221,0.9521464176035827
5001700US1201,5001900US1202,38660,0.047853582396417293
5001700US1202,5001900US1202,488934,0.6717455101008991
5001700US1202,5001900US1203,238922,0.32825448989910094
5001700US1203,5001900US1203,428678,0.5595347021992265
5001700US1203,5001900US1204,218245,0.28486568259035966
5001700US1203,5001900US1206,119210,0.15559961521041385
5001700US1204,5001900US1204,203219,0.23308031802395732
5001700US1204,5001900US1205,663376,0.7608535080354726
5001700US1204,5001900US1206,5289,0.006066173940570076
5001700US1205,5001900US1202,241627,0.32263823423375304
5001700US1205,5001900US1203,53916,0.07199262928789842
5001700US1205,5001900US1204,347757,0.464350856578227
5001700US1205,5001900US1205,105610,0.1410182799001215
5001700US1206,5001900US1205,235,0.00029513195538107185
5001700US1206,5001900US1206,490500,0.6160094643166628
5001700US1206,5001900US1207,298365,0.37471083347775963
5001700US1206,5001900US1211,7154,0.008984570250196545
5001700US1207,5001900US1207,470856,0.5971404584296109
5001700US1207,5001900US1209,12183,0.015450503349321132
5001700US1207,5001900US1210,305479,0.38740903822106787
5001700US1208,5001900US1208,769221,0.981458444178204
5001700US1208,5001900US1209,27,3.4449628900942006e-05
5001700US1208,5001900US1210,14505,0.018507106192894956
5001700US1209,5001900US1209,549522,0.5750532125299026
5001700US1209,5001900US1210,105336,0.11022999114694193
5001700US1209,5001900US1211,3252,0.0034030904079313355
5001700US1209,5001900US1218,297492,0.3113137059152241
5001700US1210,5001900US1209,198732,0.22743315434582584
5001700US1210,5001900US1210,343901,0.39356766505989904
5001700US1210,5001900US1211,331171,0.3789991805942751
5001700US1211,5001900US1203,47705,0.05811764849208428
5001700US1211,5001900US1206,154222,0.18788428855982017
5001700US1211,5001900US1211,270550,0.32960339166824026
5001700US1211,5001900US1212,348358,0.42439467127985525
5001700US1212,5001900US1212,420863,0.5214269696470364
5001700US1212,5001900US1213,231642,0.28699217109363095
5001700US1212,5001900US1214,4567,0.005658271148516299
5001700US1212,5001900US1215,150065,0.18592258811081638
5001700US1213,5001900US1213,537579,0.7389757582839037
5001700US1213,5001900US1214,189886,0.2610242417160963
5001700US1214,5001900US1214,514836,0.6538040020471219
5001700US1214,5001900US1215,272611,0.3461959979528781
5001700US1215,5001900US1209,8757,0.01068118309013933
5001700US1215,5001900US1211,157094,0.191612398808079
5001700US1215,5001900US1214,38219,0.0466168935162767
5001700US1215,5001900US1215,346545,0.4226916288651746
5001700US1215,5001900US1216,141252,0.17228942261600555
5001700US1215,5001900US1218,127986,0.1561084731043248
5001700US1216,5001900US1214,21713,0.024560911354260577
5001700US1216,5001900US1216,627969,0.710334405297456
5001700US1216,5001900US1217,234365,0.2651046833482835
5001700US1217,5001900US1217,480692,0.6163073510651256
5001700US1217,5001900US1218,299263,0.3836926489348744
5001700US1218,5001900US1220,40419,0.05085916620109623
5001700US1218,5001900US1221,754305,0.9491408337989038
5001700US1219,5001900US1217,54164,0.06486613366035458
5001700US1219,5001900US1219,754646,0.9037546765794983
5001700US1219,5001900US1226,26202,0.03137918976014716
5001700US1220,5001900US1220,563334,0.7256812270782691
5001700US1220,5001900US1221,13586,0.01750134937902801
5001700US1220,5001900US1222,49857,0.0642252889732224
5001700US1220,5001900US1223,13813,0.017793768509680105
5001700US1220,5001900US1224,56729,0.07307773067296335
5001700US1220,5001900US1225,78964,0.10172063538683701
5001700US1221,5001900US1220,467,0.0005926343293904749
5001700US1221,5001900US1221,1330,0.0016878022657159136
5001700US1221,5001900US1222,714573,0.9068104724958027
5001700US1221,5001900US1223,71637,0.09090909090909091
5001700US1222,5001900US1220,68781,0.08753480724296092
5001700US1222,5001900US1222,4790,0.006096039992058604
5001700US1222,5001900US1223,683771,0.8702077998768065
5001700US1222,5001900US1225,28414,0.03616135288817394
5001700US1223,5001900US1220,96220,0.1250656393139197
5001700US1223,5001900US1224,78350,0.1018384207051092
5001700US1223,5001900US1225,594786,0.7730959399809711
5001700US1224,5001900US1224,542531,0.730640152341551
5001700US1224,5001900US1225,67057,0.09030734961793407
5001700US1224,5001900US1226,117061,0.1576489949390068
5001700US1224,5001900US1227,15893,0.021403503101508063
5001700US1225,5001900US1218,44480,0.057658853511771586
5001700US1225,5001900US1219,14575,0.018893385565064542
5001700US1225,5001900US1226,604826,0.7840281864683174
5001700US1225,5001900US1227,54337,0.0704363561886046
5001700US1225,5001900US1228,53216,0.06898321826624183
5001700US1226,5001900US1227,71909,0.09126503653952081
5001700US1226,5001900US1228,716005,0.9087349634604792
5001700US1227,5001900US1224,91611,0.12382793228128273
5001700US1227,5001900US1226,21132,0.028563511641266515
5001700US1227,5001900US1227,627082,0.8476085560774508
5001700US1301,5001900US1301,739028,0.9778335258494193
5001700US1301,5001900US1308,16753,0.022166474150580658
5001700US1302,5001900US1302,647722,0.9623997812869598
5001700US1302,5001900US1303,1666,0.0024753799247579597
5001700US1302,5001900US1308,23640,0.03512483878828221
5001700US1303,5001900US1302,20569,0.026955410673918028
5001700US1303,5001900US1303,677309,0.8876047570684402
5001700US1303,5001900US1310,65197,0.08543983225764178
5001700US1304,5001900US1304,362702,0.4687519789702505
5001700US1304,5001900US1305,61890,0.07998593881056296
5001700US1304,5001900US1310,19504,0.025206749887885276
5001700US1304,5001900US1313,329665,0.4260553323313013
5001700US1305,5001900US1304,37107,0.047082573091104724
5001700US1305,5001900US1305,573894,0.7281754440279854
5001700US1305,5001900US1306,133584,0.1694957405287987
5001700US1305,5001900US1313,43541,0.05524624235211121
5001700US1306,5001900US1304,159255,0.2079608980494729
5001700US1306,5001900US1305,37025,0.048348574614811055
5001700US1306,5001900US1306,33579,0.043848664064570976
5001700US1306,5001900US1307,347886,0.4542820318284445
5001700US1306,5001900US1311,188048,0.24555983144270058
5001700US1307,5001900US1304,206073,0.23977590058642836
5001700US1307,5001900US1307,183316,0.21329703062459276
5001700US1307,5001900US1309,273729,0.31849692823233733
5001700US1307,5001900US1313,196322,0.22843014055664154
5001700US1308,5001900US1302,96846,0.13452346722339598
5001700US1308,5001900US1308,623073,0.8654765327766041
5001700US1309,5001900US1307,193054,0.2489840294982892
5001700US1309,5001900US1309,443775,0.572341871655616
5001700US1309,5001900US1310,116733,0.15055193218179264
5001700US1309,5001900US1311,21805,0.028122166664302194
5001700US1310,5001900US1308,43799,0.05651396365475631
5001700US1310,5001900US1309,47631,0.06145840322472426
5001700US1310,5001900US1310,563703,0.7273474475233932
5001700US1310,5001900US1312,110492,0.14256811507434725
5001700US1310,5001900US1313,9387,0.012112070522779001
5001700US1311,5001900US1306,139848,0.17426216332405
5001700US1311,5001900US1307,40881,0.05094110390459992
5001700US1311,5001900US1311,486327,0.6060036261004467
5001700US1311,5001900US1314,135459,0.16879310667090336
5001700US1312,5001900US1301,26109,0.03534816090460099
5001700US1312,5001900US1308,57871,0.07834974222337752
5001700US1312,5001900US1312,654644,0.8863020968720214
5001700US1313,5001900US1303,56242,0.07093059037779538
5001700US1313,5001900US1305,92328,0.11644108581489086
5001700US1313,5001900US1306,458125,0.577772424821797
5001700US1313,5001900US1313,186221,0.23485589898551676
5001700US1314,5001900US1303,29919,0.041066445588572385
5001700US1314,5001900US1311,68955,0.09464677146829803
5001700US1314,5001900US1314,629677,0.8642867829431296
5001700US1501,5001900US1501,726395,0.9952920607647524
5001700US1501,5001900US1502,3436,0.004707939235247612
5001700US1502,5001900US1502,725440,1.0
5001700US1601,5001900US1601,919553,0.9629926347614545
5001700US1601,5001900US1602,35338,0.03700736523854555
5001700US1602,5001900US1602,884215,1.0
5001700US1701,5001900US1701,515524,0.7302567182615175
5001700US1701,5001900US1702,20064,0.02842131655402869
5001700US1701,5001900US1704,9923,0.014056256188478205
5001700US1701,5001900US1706,122634,0.17371509839945945
5001700US1701,5001900US1707,34536,0.04892138100627666
5001700US1701,5001900US1714,3268,0.004629229590239522
5001700US1702,5001900US1701,97181,0.1429914600340186
5001700US1702,5001900US1702,582447,0.8570085399659814
5001700US1703,5001900US1701,73753,0.10164065460809647
5001700US1703,5001900US1704,261049,0.35975745047372953
5001700US1703,5001900US1706,311181,0.42884547803617573
5001700US1703,5001900US1707,23395,0.0322411714039621
5001700US1703,5001900US1711,11927,0.016436864771748494
5001700US1703,5001900US1714,44320,0.06107838070628768
5001700US1704,5001900US1703,326427,0.46727886969094007
5001700US1704,5001900US1704,357271,0.511431925218661
5001700US1704,5001900US1705,579,0.00082883605078947
5001700US1704,5001900US1707,14293,0.02046036903960949
5001700US1705,5001900US1703,149957,0.20170448813570266
5001700US1705,5001900US1704,72145,0.09704095371706735
5001700US1705,5001900US1705,435151,0.5853138547499559
5001700US1705,5001900US1706,28651,0.03853794947602324
5001700US1705,5001900US1707,38412,0.0516672966134866
5001700US1705,5001900US1708,6176,0.00830722753006595
5001700US1705,5001900US1709,12957,0.017428229777698267
5001700US1706,5001900US1703,114188,0.1558359320090891
5001700US1706,5001900US1704,13822,0.01886331534162635
5001700US1706,5001900US1705,103909,0.14180785948727048
5001700US1706,5001900US1706,176737,0.24119850698401218
5001700US1706,5001900US1708,170700,0.2329596244259599
5001700US1706,5001900US1709,109138,0.1489440391950815
5001700US1706,5001900US1711,44251,0.06039072255696047
5001700US1707,5001900US1701,19955,0.026096463409371187
5001700US1707,5001900US1702,3936,0.005147365571500125
5001700US1707,5001900US1703,27479,0.035936092108549776
5001700US1707,5001900US1704,39467,0.05161358663881998
5001700US1707,5001900US1705,30785,0.04025956532485552
5001700US1707,5001900US1707,643041,0.8409469269469034
5001700US1708,5001900US1703,120167,0.167599269166934
5001700US1708,5001900US1705,10967,0.015295889761363477
5001700US1708,5001900US1706,64714,0.09025788365249167
5001700US1708,5001900US1708,500129,0.6975397146403716
5001700US1708,5001900US1709,15890,0.022162094310938785
5001700US1708,5001900US1710,5123,0.007145148467900529
5001700US1709,5001900US1705,128469,0.17310242051536334
5001700US1709,5001900US1708,48279,0.06505236095915144
5001700US1709,5001900US1709,530785,0.7151933016778144
5001700US1709,5001900US1710,34623,0.04665191684767084
5001700US1710,5001900US1705,43817,0.06044174324708323
5001700US1710,5001900US1708,4338,0.0059838939727924565
5001700US1710,5001900US1709,74767,0.10313457829962508
5001700US1710,5001900US1710,599085,0.826385689416867
5001700US1710,5001900US1711,2939,0.004054095063632326
5001700US1711,5001900US1701,19494,0.027597200357883055
5001700US1711,5001900US1706,49760,0.07044406944743309
5001700US1711,5001900US1711,336300,0.47609205295763163
5001700US1711,5001900US1714,300822,0.42586667723705224
5001700US1712,5001900US1712,401915,0.595544327055581
5001700US1712,5001900US1713,270999,0.40155733696860135
5001700US1712,5001900US1715,1956,0.002898335975817565
5001700US1713,5001900US1713,422282,0.6070907425857158
5001700US1713,5001900US1715,213969,0.3076110255713553
5001700US1713,5001900US1716,11593,0.016666594784518887
5001700US1713,5001900US1717,47739,0.06863163705841
5001700US1714,5001900US1701,16,2.1242838839875465e-05
5001700US1714,5001900US1703,15459,0.020524565351602176
5001700US1714,5001900US1708,24055,0.03193728051832527
5001700US1714,5001900US1709,10140,0.013462649114771075
5001700US1714,5001900US1710,114846,0.1524784418377711
5001700US1714,5001900US1711,322394,0.42803523655892567
5001700US1714,5001900US1714,251782,0.3342852780488453
5001700US1714,5001900US1716,14503,0.019255305730919617
5001700US1715,5001900US1702,88029,0.12939865616726912
5001700US1715,5001900US1712,351762,0.5170742606494555
5001700US1715,5001900US1713,4427,0.00650749015497734
5001700US1715,5001900US1715,236075,0.3470195930282981
5001700US1716,5001900US1701,27754,0.04007496909979323
5001700US1716,5001900US1702,59201,0.08548238977001005
5001700US1716,5001900US1711,35866,0.051788168975037255
5001700US1716,5001900US1714,153485,0.2216223474915963
5001700US1716,5001900US1716,352741,0.5093350391017569
5001700US1716,5001900US1717,63505,0.09169708556180618
5001700US1717,5001900US1715,27070,0.04017691497098416
5001700US1717,5001900US1716,106460,0.15800644136723213
5001700US1717,5001900US1717,540240,0.8018166436617837
5001700US1718,5001900US1713,55969,0.07982480161107212
5001700US1718,5001900US1715,274607,0.39165340270527765
5001700US1718,5001900US1716,268380,0.38277225350425303
5001700US1718,5001900US1717,102192,0.14574954217939723
5001700US1801,5001900US1801,726991,0.9928831114910912
5001700US1801,5001900US1802,5211,0.007116888508908744
5001700US1802,5001900US1801,26956,0.03683112418548917
5001700US1802,5001900US1802,696266,0.9513377174704631
5001700US1802,5001900US1803,8659,0.011831158344047734
5001700US1803,5001900US1802,40231,0.0530112766400409
5001700US1803,5001900US1803,718683,0.9469887233599591
5001700US1804,5001900US1802,12239,0.016001412004654384
5001700US1804,5001900US1804,670054,0.8760364506386706
5001700US1804,5001900US1805,72787,0.09516257664701191
5001700US1804,5001900US1808,9790,0.01279956070966308
5001700US1805,5001900US1803,9377,0.011650343099311813
5001700US1805,5001900US1804,36298,0.0450980221626128
5001700US1805,5001900US1805,569257,0.7072666483614104
5001700US1805,5001900US1807,189937,0.235984986376665
5001700US1806,5001900US1803,17228,0.023810708461176992
5001700US1806,5001900US1805,111903,0.15466041960361557
5001700US1806,5001900US1806,368930,0.5098957901429084
5001700US1806,5001900US1809,225479,0.311633081792299
5001700US1807,5001900US1806,223254,0.2835814070466653
5001700US1807,5001900US1807,564012,0.7164185929533347
5001700US1808,5001900US1808,715369,1.0
5001700US1809,5001900US1804,47595,0.062084456775678074
5001700US1809,5001900US1806,161765,0.21101149596212973
5001700US1809,5001900US1808,28788,0.03755199793377919
5001700US1809,5001900US1809,528469,0.689352049328413
5001700US1901,5001900US1901,56793,0.0727947396754595
5001700US1901,5001900US1902,683282,0.8758004563049553
5001700US1901,5001900US1904,40105,0.05140480401958522
5001700US1902,5001900US1901,688388,0.8765332277332614
5001700US1902,5001900US1903,96965,0.12346677226673865
5001700US1903,5001900US1901,52403,0.061006503107195326
5001700US1903,5001900US1903,691815,0.8053969037479598
5001700US1903,5001900US1904,114756,0.1335965931448449
5001700US1904,5001900US1902,114307,0.14925273743833745
5001700US1904,5001900US1903,8771,0.011452454880905438
5001700US1904,5001900US1904,642784,0.8392948076807571
5001700US2001,5001900US2001,602521,0.8597948265700877
5001700US2001,5001900US2002,95576,0.13638653315695667
5001700US2001,5001900US2004,2676,0.0038186402729557217
5001700US2002,5001900US2001,131929,0.1850318440071416
5001700US2002,5001900US2002,526233,0.7380474525495542
5001700US2002,5001900US2003,54845,0.0769207034433042
5001700US2003,5001900US2002,112661,0.14219738831684517
5001700US2003,5001900US2003,679625,0.8578026116831549
5001700US2004,5001900US2001,20,2.732934871429079e-05
5001700US2004,5001900US2004,731794,0.9999726706512857
5001700US2101,5001900US2101,652882,0.9078662122343525
5001700US2101,5001900US2102,66257,0.09213378776564753
5001700US2102,5001900US2101,42208,0.054206778929631876
5001700US2102,5001900US2102,652719,0.8382722359782597
5001700US2102,5001900US2104,30667,0.03938493388540136
5001700US2102,5001900US2106,53054,0.06813605120670702
5001700US2103,5001900US2102,8760,0.011574257582724231
5001700US2103,5001900US2103,748092,0.9884257424172758
5001700US2104,5001900US2102,23236,0.030038407690328787
5001700US2104,5001900US2103,2881,0.0037244212668203318
5001700US2104,5001900US2104,708185,0.915508252288496
5001700US2104,5001900US2105,39241,0.05072891875435496
5001700US2105,5001900US2104,2743,0.003955978026510677
5001700US2105,5001900US2105,690638,0.9960440219734893
5001700US2106,5001900US2101,55883,0.07125452489120497
5001700US2106,5001900US2104,9378,0.01195757089686882
5001700US2106,5001900US2105,21094,0.02689624658760406
5001700US2106,5001900US2106,697918,0.8898916576243221
5001700US2201,5001900US2201,687127,0.8456063058018546
5001700US2201,5001900US2202,27739,0.034136736464492945
5001700US2201,5001900US2203,68401,0.084177039940437
5001700US2201,5001900US2205,29318,0.03607991779321548
5001700US2202,5001900US2201,23484,0.03029052279657213
5001700US2202,5001900US2202,646488,0.833863886122906
5001700US2202,5001900US2206,105320,0.1358455910805219
5001700US2203,5001900US2203,635614,0.8088503278087714
5001700US2203,5001900US2204,85486,0.10878517327035062
5001700US2203,5001900US2206,64724,0.08236449892087795
5001700US2204,5001900US2204,511373,0.70210174834488
5001700US2204,5001900US2206,216973,0.29789825165511996
5001700US2205,5001900US2201,870,0.0011768779996861659
5001700US2205,5001900US2204,179443,0.24273852746860305
5001700US2205,5001900US2205,396927,0.536936383656817
5001700US2205,5001900US2206,162004,0.2191482108748938
5001700US2206,5001900US2201,64846,0.07942278061793143
5001700US2206,5001900US2202,102089,0.12503766231539343
5001700US2206,5001900US2203,72272,0.0885180766865981
5001700US2206,5001900US2205,350040,0.42872575220523573
5001700US2206,5001900US2206,227219,0.27829572817484133
5001700US2301,5001900US2301,665795,0.9454481682336686
5001700US2301,5001900US2302,38416,0.054551831766331396
5001700US2302,5001900US2301,15384,0.023374681682539488
5001700US2302,5001900US2302,642764,0.9766253183174605
5001700US2401,5001900US2401,649234,0.8730828349768898
5001700US2401,5001900US2402,94377,0.1269171650231102
5001700US2402,5001900US2401,107967,0.13747961050818064
5001700US2402,5001900US2402,343288,0.43712523763865174
5001700US2402,5001900US2403,123427,0.1571655773170803
5001700US2402,5001900US2405,28400,0.03616309556098002
5001700US2402,5001900US2407,182249,0.23206647897510732
5001700US2403,5001900US2402,151718,0.1959763099597631
5001700US2403,5001900US2403,307032,0.3965976245374048
5001700US2403,5001900US2404,36041,0.04655467503697532
5001700US2403,5001900US2405,33809,0.04367156872242997
5001700US2403,5001900US2407,165377,0.2136198355647698
5001700US2403,5001900US2408,80188,0.103579986178657
5001700US2404,5001900US2403,147318,0.18439528115905748
5001700US2404,5001900US2404,511263,0.6399386675845667
5001700US2404,5001900US2405,140326,0.17564352098131863
5001700US2404,5001900US2408,18,2.253027505710799e-05
5001700US2405,5001900US2404,223273,0.28071271683059273
5001700US2405,5001900US2405,572106,0.7192872831694073
5001700US2406,5001900US2406,636874,0.8045208616771452
5001700US2406,5001900US2408,154745,0.1954791383228548
5001700US2407,5001900US2401,15547,0.022091589082517706
5001700US2407,5001900US2402,94600,0.13442235332901362
5001700US2407,5001900US2403,173984,0.2472234537166502
5001700US2407,5001900US2407,419621,0.5962626038718185
5001700US2408,5001900US2402,86923,0.11080870223674918
5001700US2408,5001900US2403,19972,0.02546013599475806
5001700US2408,5001900US2406,140971,0.17970863365296605
5001700US2408,5001900US2408,536576,0.6840225281155267
5001700US2501,5001900US2501,711874,0.9745464203037235
5001700US2501,5001900US2502,18593,0.025453579696276492
5001700US2502,5001900US2501,69229,0.08874898404469435
5001700US2502,5001900US2502,685697,0.8790378614813846
5001700US2502,5001900US2503,2554,0.0032741323036610285
5001700US2502,5001900US2504,22574,0.02893902217026001
5001700US2503,5001900US2502,660,0.0008284546559151662
5001700US2503,5001900US2503,754773,0.9474169788016027
5001700US2503,5001900US2505,13491,0.016934366307502283
5001700US2503,5001900US2506,27740,0.034820200234979864
5001700US2504,5001900US2502,31873,0.041013360578636714
5001700US2504,5001900US2504,697329,0.8973051083657064
5001700US2504,5001900US2505,22187,0.028549663701509517
5001700US2504,5001900US2508,25058,0.032243993015388536
5001700US2504,5001900US2509,690,0.0008878743387588031
5001700US2505,5001900US2502,44278,0.05569797953623174
5001700US2505,5001900US2504,4401,0.005536085820022491
5001700US2505,5001900US2505,741227,0.9324008825534676
5001700US2505,5001900US2507,5060,0.0063650520902780745
5001700US2506,5001900US2503,23775,0.030565726275082538
5001700US2506,5001900US2505,696,0.0008947947628793879
5001700US2506,5001900US2506,753361,0.9685394789620381
5001700US2507,5001900US2505,3500,0.004376006481490743
5001700US2507,5001900US2507,771009,0.9639829660821989
5001700US2507,5001900US2508,25307,0.03164102743631035
5001700US2508,5001900US2504,1082,0.001355111978338247
5001700US2508,5001900US2507,5033,0.006303399803120515
5001700US2508,5001900US2508,730737,0.9151852696071678
5001700US2508,5001900US2509,61606,0.07715621861137342
5001700US2509,5001900US2504,55717,0.07193717939944973
5001700US2509,5001900US2509,718806,0.9280628206005502
5001700US2601,5001900US2601,671739,0.9537005749982254
5001700US2601,5001900US2602,32611,0.04629942500177468
5001700US2602,5001900US2602,178717,0.23598579730391736
5001700US2602,5001900US2603,388414,0.5128789509336199
5001700US2602,5001900US2604,190190,0.2511352517624627
5001700US2603,5001900US2602,232313,0.3082615578346202
5001700US2603,5001900US2603,387000,0.5135193591490705
5001700US2603,5001900US2604,87736,0.11641895218166112
5001700US2603,5001900US2605,46574,0.061800130834648095
5001700US2604,5001900US2601,63397,0.09084564966311005
5001700US2604,5001900US2602,326570,0.467963212935657
5001700US2604,5001900US2607,147222,0.2109638978926824
5001700US2604,5001900US2608,160665,0.2302272395085505
5001700US2605,5001900US2601,40239,0.05999525870616353
5001700US2605,5001900US2607,203,0.00030266749962352935
5001700US2605,5001900US2608,614564,0.9162982721115009
5001700US2605,5001900US2609,15697,0.02340380168271202
5001700US2606,5001900US2604,496674,0.6882439507021371
5001700US2606,5001900US2605,224980,0.311756049297863
5001700US2607,5001900US2602,4786,0.006690852153976276
5001700US2607,5001900US2605,502990,0.7031825584890361
5001700US2607,5001900US2606,103140,0.1441902405267683
5001700US2607,5001900US2607,104389,0.14593634883021928
5001700US2608,5001900US2607,478766,0.6470851393670063
5001700US2608,5001900US2609,178791,0.24164831912158846
5001700US2608,5001900US2610,82324,0.1112665415114052
5001700US2609,5001900US2610,513288,0.7124764723192325
5001700US2609,5001900US2611,192254,0.26686081051819194
5001700US2609,5001900US2612,14886,0.02066271716257558
5001700US2610,5001900US2609,552582,0.7619960368296291
5001700US2610,5001900US2610,172595,0.2380039631703708
5001700US2611,5001900US2606,233077,0.3075661345638952
5001700US2611,5001900US2607,44658,0.05893026097536193
5001700US2611,5001900US2609,27892,0.03680601099746507
5001700US2611,5001900US2610,7011,0.009251647178518127
5001700US2611,5001900US2611,349638,0.4613788926262617
5001700US2611,5001900US2612,95535,0.12606705365849796
5001700US2612,5001900US2606,439056,0.5876363169137369
5001700US2612,5001900US2612,109976,0.1471928218471109
5001700US2612,5001900US2613,198124,0.2651708612391522
5001700US2613,5001900US2612,412890,0.6120824352250187
5001700US2613,5001900US2613,261676,0.38791756477498124
5001700US2614,5001900US2611,233676,0.3379252699196821
5001700US2614,5001900US2612,141960,0.20529224788937703
5001700US2614,5001900US2613,315866,0.45678248219094086
5001700US2701,5001900US2701,642930,0.9308032418064471
5001700US2701,5001900US2702,40258,0.05828360304954497
5001700US2701,5001900US2707,7538,0.010913155144007898
5001700US2702,5001900US2701,70381,0.09615442416094913
5001700US2702,5001900US2702,661577,0.9038455758390509
5001700US2703,5001900US2703,671145,0.9095362773716693
5001700US2703,5001900US2705,6,8.131205125911712e-06
5001700US2703,5001900US2706,66747,0.09045559142320483
5001700US2704,5001900US2702,11477,0.01579818190828052
5001700US2704,5001900US2704,713312,0.9818796491556501
5001700US2704,5001900US2708,1687,0.002322168936069464
5001700US2705,5001900US2703,22730,0.030881641658831904
5001700US2705,5001900US2705,713306,0.9691183583411681
5001700US2706,5001900US2703,19436,0.026481115378693847
5001700US2706,5001900US2706,646565,0.8809303542305612
5001700US2706,5001900US2707,24252,0.03304280768491887
5001700US2706,5001900US2708,43704,0.05954572270582609
5001700US2707,5001900US2707,621075,0.9221411878594952
5001700US2707,5001900US2708,52439,0.07785881214050487
5001700US2708,5001900US2707,60447,0.08942803164237664
5001700US2708,5001900US2708,615482,0.9105719683576233
5001700US2801,5001900US2801,739345,0.9750894513955473
5001700US2801,5001900US2803,18888,0.02491054860445272
5001700US2802,5001900US2802,673948,0.9991949484870813
5001700US2802,5001900US2803,543,0.0008050515129186305
5001700US2803,5001900US2801,974,0.0012968700693306206
5001700US2803,5001900US2802,66371,0.08837224165456121
5001700US2803,5001900US2803,683694,0.9103308882761082
5001700US2804,5001900US2803,37195,0.047838243843213515
5001700US2804,5001900US2804,740321,0.9521617561567864
5001700US2901,5001900US2901,692318,0.9686210206143161
5001700US2901,5001900US2902,22428,0.03137897938568387
5001700US2902,5001900US2901,77046,0.09906994148076426
5001700US2902,5001900US2902,548515,0.7053104502676506
5001700US2902,5001900US2903,107241,0.1378963164127747
5001700US2902,5001900US2908,44891,0.057723291838810434
5001700US2903,5001900US2902,198421,0.24664350485092948
5001700US2903,5001900US2903,447420,0.5561570445688857
5001700US2903,5001900US2904,15057,0.018716321621907183
5001700US2903,5001900US2906,59574,0.07405234404619104
5001700US2903,5001900US2908,84013,0.10443078491208661
5001700US2904,5001900US2903,136120,0.17513770285518715
5001700US2904,5001900US2904,588808,0.7575850759826406
5001700US2904,5001900US2906,43824,0.056385797016791965
5001700US2904,5001900US2907,8465,0.010891424145380248
5001700US2905,5001900US2904,107139,0.13591059298114308
5001700US2905,5001900US2905,651788,0.8268221056570744
5001700US2905,5001900US2906,29378,0.03726730136178256
5001700US2906,5001900US2904,26841,0.03436725757197457
5001700US2906,5001900US2905,117576,0.15054449075229992
5001700US2906,5001900US2906,636588,0.8150882516757255
5001700US2907,5001900US2904,31519,0.03977567423294999
5001700US2907,5001900US2907,760900,0.96022432576705
5001700US2908,5001900US2903,78583,0.10928831794482388
5001700US2908,5001900US2908,640460,0.8907116820551761
5001700US3000,5001900US3001,542112,0.4999995388411077
5001700US3000,5001900US3002,542113,0.5000004611588923
5001700US3101,5001900US3101,584386,0.8856802502515853
5001700US3101,5001900US3102,22278,0.033763958436897556
5001700US3101,5001900US3103,53152,0.08055579131151715
5001700US3102,5001900US3101,69436,0.0990520752348414
5001700US3102,5001900US3102,631569,0.9009479247651586
5001700US3103,5001900US3103,600683,1.0
5001700US3201,5001900US3201,399260,0.5680812495909349
5001700US3201,5001900US3203,179222,0.25500340057653287
5001700US3201,5001900US3204,124340,0.17691534983253226
5001700US3202,5001900US3202,758819,0.9999986821644131
5001700US3202,5001900US3204,1,1.3178355868321868e-06
5001700US3203,5001900US3201,343896,0.40196931018037985
5001700US3203,5001900US3203,508079,0.593877698918095
5001700US3203,5001900US3204,3553,0.00415299090152514
5001700US3204,5001900US3201,30602,0.038862446091404594
5001700US3204,5001900US3202,18598,0.023618187452060083
5001700US3204,5001900US3203,87998,0.11175143883247571
5001700US3204,5001900US3204,650246,0.8257679276240596
5001700US3301,5001900US3301,688764,0.9871398535551361
5001700US3301,5001900US3302,8973,0.012860146444863895
5001700US3302,5001900US3302,679792,1.0
5001700US3401,5001900US3401,737308,0.9790839761559187
5001700US3401,5001900US3402,15751,0.020916023844081272
5001700US3402,5001900US3401,34436,0.04701308027419291
5001700US3402,5001900US3402,695993,0.9501909274966995
5001700US3402,5001900US3403,2048,0.002795992229107535
5001700US3403,5001900US3402,67312,0.08905199683015533
5001700US3403,5001900US3403,432394,0.5720458330963005
5001700US3403,5001900US3404,256167,0.3389021700735441
5001700US3404,5001900US3403,233058,0.29219616653794844
5001700US3404,5001900US3404,494902,0.6204827434027743
5001700US3404,5001900US3406,69648,0.08732109005927724
5001700US3405,5001900US3405,603593,0.8078097208634403
5001700US3405,5001900US3407,80562,0.10781895537589149
5001700US3405,5001900US3409,63042,0.08437132376066821
5001700US3406,5001900US3403,41502,0.054249278454009286
5001700US3406,5001900US3404,21900,0.028626552892458277
5001700US3406,5001900US3406,692791,0.905580739950642
5001700US3406,5001900US3412,8831,0.011543428702890367
5001700US3407,5001900US3407,558490,0.7347991863778817
5001700US3407,5001900US3410,69666,0.09165879446042276
5001700US3407,5001900US3411,40170,0.05285122977456984
5001700US3407,5001900US3412,91732,0.12069078938712571
5001700US3408,5001900US3408,724806,0.8824064368387028
5001700US3408,5001900US3409,34464,0.04195778655144833
5001700US3408,5001900US3410,23905,0.029102857692443484
5001700US3408,5001900US3411,38222,0.046532918917405346
5001700US3409,5001900US3405,150486,0.1899305963113435
5001700US3409,5001900US3409,641835,0.8100694036886565
5001700US3410,5001900US3407,45696,0.05599945098577465
5001700US3410,5001900US3408,47560,0.0582837423162518
5001700US3410,5001900US3410,624660,0.765507200909795
5001700US3410,5001900US3411,98092,0.12020960578817855
5001700US3411,5001900US3405,19139,0.025121973950013324
5001700US3411,5001900US3407,57901,0.07600122334916774
5001700US3411,5001900US3409,32719,0.04294716890487935
5001700US3411,5001900US3410,55305,0.07259369712657332
5001700US3411,5001900US3411,596779,0.7833359366693663
5001700US3412,5001900US3403,69022,0.08779983946655065
5001700US3412,5001900US3406,11329,0.014411120821137498
5001700US3412,5001900US3407,31645,0.04025420764276601
5001700US3412,5001900US3412,674133,0.8575348320695458
5001700US3501,5001900US3501,528092,0.7603073525325486
5001700US3501,5001900US3502,166485,0.23969264746745142
5001700US3502,5001900US3501,55518,0.07775390674236929
5001700US3502,5001900US3502,518069,0.7255644784054273
5001700US3502,5001900US3503,140435,0.19668161485220342
5001700US3503,5001900US3501,122222,0.17240518363771523
5001700US3503,5001900US3502,21292,0.03003429145337364
5001700US3503,5001900US3503,565409,0.7975605249089112
5001700US3601,5001900US3601,584370,0.7893489158052137
5001700US3601,5001900US3602,155949,0.21065108419478631
5001700US3602,5001900US3602,621022,0.8528694400650411
5001700US3602,5001900US3603,76100,0.1045105719104148
5001700US3602,5001900US3604,31034,0.04261998802454419
5001700US3603,5001900US3601,192601,0.2605543583104369
5001700US3603,5001900US3603,546596,0.7394456416895632
5001700US3604,5001900US3603,94052,0.1251636874660648
5001700US3604,5001900US3604,657380,0.8748363125339352
5001700US3605,5001900US3603,19865,0.025507845604663706
5001700US3605,5001900US3604,88557,0.11371247335576158
5001700US3605,5001900US3605,670310,0.8607180461747862
5001700US3605,5001900US3606,48,6.163486478851537e-05
5001700US3606,5001900US3603,40358,0.05246429300341763
5001700US3606,5001900US3605,48054,0.06246888190659177
5001700US3606,5001900US3606,626822,0.81485140663532
5001700US3606,5001900US3607,54013,0.07021541845467061
5001700US3607,5001900US3605,14528,0.019044797485163856
5001700US3607,5001900US3607,395403,0.5183349435590752
5001700US3607,5001900US3608,303,0.00039720358191111294
5001700US3607,5001900US3610,352026,0.46147190800607735
5001700US3607,5001900US3611,573,0.0007511473677725007
5001700US3608,5001900US3605,44079,0.05479736449527598
5001700US3608,5001900US3607,103016,0.12806563898557932
5001700US3608,5001900US3608,592964,0.7371506713078071
5001700US3608,5001900US3609,47287,0.05878543013426156
5001700US3608,5001900US3610,17054,0.021200895077076082
5001700US3609,5001900US3608,117631,0.1556290865022055
5001700US3609,5001900US3609,562353,0.7440086684783328
5001700US3609,5001900US3610,75858,0.10036224501946174
5001700US3610,5001900US3609,138792,0.17266917391450393
5001700US3610,5001900US3610,224647,0.27948017113646006
5001700US3610,5001900US3611,104774,0.13034785886591616
5001700US3610,5001900US3612,305013,0.3794623807077107
5001700US3610,5001900US3613,30577,0.03804041537540915
5001700US3611,5001900US3608,66073,0.08623061302261967
5001700US3611,5001900US3609,28539,0.03724570497862278
5001700US3611,5001900US3611,671624,0.8765236819987575
5001700US3612,5001900US3607,158389,0.195135322931964
5001700US3612,5001900US3610,107387,0.13230083480352056
5001700US3612,5001900US3612,471772,0.5812233271897577
5001700US3612,5001900US3613,1302,0.0016040646159608126
5001700US3612,5001900US3614,72838,0.08973645045879698
5001700US3613,5001900US3612,186,0.0002525979564010495
5001700US3613,5001900US3613,683108,0.9276972301140222
5001700US3613,5001900US3615,53054,0.07205017192957677
5001700US3614,5001900US3606,150102,0.2001293290223659
5001700US3614,5001900US3607,66151,0.0881983933868871
5001700US3614,5001900US3614,447526,0.5966814439518683
5001700US3614,5001900US3615,86246,0.1149908336388787
5001700US3615,5001900US3613,60809,0.0792470042419543
5001700US3615,5001900US3614,256606,0.33441195827115927
5001700US3615,5001900US3615,449920,0.5863410374868865
5001700US3616,5001900US3613,1175,0.0015251797440553685
5001700US3616,5001900US3615,187751,0.24370555074565065
5001700US3616,5001900US3616,581475,0.754769269510294
5001700US3617,5001900US3616,195497,0.2559695502853679
5001700US3617,5001900US3617,568254,0.7440304497146322
5001700US3618,5001900US3617,196241,0.262199342099989
5001700US3618,5001900US3618,552201,0.7378006579000109
5001700US3619,5001900US3617,12476,0.01785670835999101
5001700US3619,5001900US3618,224770,0.3217098699964075
5001700US3619,5001900US3619,393103,0.5626423233758854
5001700US3619,5001900US3620,22984,0.0328966483605349
5001700US3619,5001900US3621,45340,0.06489444990718118
5001700US3620,5001900US3619,24140,0.032346674885098285
5001700US3620,5001900US3620,714687,0.957653191118734
5001700US3620,5001900US3621,7463,0.01000013399616771
5001700US3621,5001900US3620,39300,0.05574143915034729
5001700US3621,5001900US3621,583690,0.8278809317472318
5001700US3621,5001900US3624,82051,0.116377629102421
5001700US3622,5001900US3619,253988,0.36460573348071373
5001700US3622,5001900US3621,140478,0.20165946512395744
5001700US3622,5001900US3622,247505,0.3552992348659939
5001700US3622,5001900US3623,10374,0.01489212041170813
5001700US3622,5001900US3624,44265,0.06354344611762679
5001700US3623,5001900US3619,105740,0.15247098451498106
5001700US3623,5001900US3623,462412,0.6667714478110595
5001700US3623,5001900US3624,125357,0.18075756767395953
5001700US3624,5001900US3622,529466,0.7381302566404622
5001700US3624,5001900US3624,187841,0.26186974335953783
5001700US3625,5001900US3625,733041,1.0
5001700US3626,5001900US3626,742451,1.0
5001700US3627,5001900US3623,304185,0.42242519011459645
5001700US3627,5001900US3624,337457,0.468630397227021
5001700US3627,5001900US3625,43930,0.06100609366580937
5001700US3627,5001900US3626,34520,0.04793831899257317
5001700US3701,5001900US3701,323902,0.43804103955327933
5001700US3701,5001900US3703,78733,0.10647753075667438
5001700US3701,5001900US3704,286624,0.38762673562040106
5001700US3701,5001900US3713,50174,0.06785469406964525
5001700US3702,5001900US3701,119881,0.13153875357427358
5001700US3702,5001900US3702,162205,0.1779785247329856
5001700US3702,5001900US3704,126509,0.1388112893279817
5001700US3702,5001900US3713,502779,0.5516714323647591
5001700US3703,5001900US3701,184554,0.24390933721007071
5001700US3703,5001900US3703,572096,0.7560906627899293
5001700US3704,5001900US3702,583465,0.6665406237183888
5001700US3704,5001900US3704,291898,0.33345937628161115
5001700US3705,5001900US3705,309843,0.4089197596445083
5001700US3705,5001900US3706,108247,0.1428605365370174
5001700US3705,5001900US3710,321815,0.4247199789893508
5001700US3705,5001900US3711,17806,0.023499724829123506
5001700US3706,5001900US3704,40640,0.05110541875885762
5001700US3706,5001900US3705,216290,0.2719879680943237
5001700US3706,5001900US3709,413171,0.5195688231795267
5001700US3706,5001900US3713,125118,0.15733778996729203
5001700US3707,5001900US3701,117333,0.15170592068516106
5001700US3707,5001900US3703,94842,0.12262614038354124
5001700US3707,5001900US3707,493650,0.6382656860919754
5001700US3707,5001900US3713,67599,0.08740225283932229
5001700US3708,5001900US3706,194142,0.2394999346174628
5001700US3708,5001900US3707,108801,0.13422047978445967
5001700US3708,5001900US3708,212801,0.26251828860592097
5001700US3708,5001900US3709,294870,0.36376129699215654
5001700US3709,5001900US3707,143220,0.1862619762601165
5001700US3709,5001900US3708,526847,0.685180585160687
5001700US3709,5001900US3712,77291,0.10051930182321368
5001700US3709,5001900US3714,21559,0.028038136755982764
5001700US3710,5001900US3710,243711,0.31378115621270236
5001700US3710,5001900US3711,127525,0.16419013481551867
5001700US3710,5001900US3714,405455,0.522028708971779
5001700US3711,5001900US3705,80652,0.10493897036149376
5001700US3711,5001900US3711,600339,0.7811208218996281
5001700US3711,5001900US3714,87570,0.11394020773887824
5001700US3712,5001900US3708,6023,0.006651654520375179
5001700US3712,5001900US3712,668379,0.7381414903991104
5001700US3712,5001900US3714,231087,0.2552068550805145
5001700US3713,5001900US3705,138886,0.17362008745634058
5001700US3713,5001900US3706,443282,0.5541426753439624
5001700US3713,5001900US3709,37630,0.047040910466008785
5001700US3713,5001900US3710,180144,0.2251963267336882
5001700US3800,5001900US3800,779094,1.0
5001700US3901,5001900US3901,546669,0.7112991997918158
5001700US3901,5001900US3908,221881,0.2887008002081842
5001700US3902,5001900US3901,239961,0.32656952366176595
5001700US3902,5001900US3902,430367,0.5856982850952581
5001700US3902,5001900US3908,64465,0.08773219124297592
5001700US3903,5001900US3903,539259,0.6659582166819594
5001700US3903,5001900US3915,270490,0.3340417833180405
5001700US3904,5001900US3904,369753,0.5162871748185155
5001700US3904,5001900US3905,244059,0.3407802819694014
5001700US3904,5001900US3909,70422,0.09833044065922251
5001700US3904,5001900US3915,31943,0.04460210255286053
5001700US3905,5001900US3904,31767,0.043453817238718995
5001700US3905,5001900US3905,297047,0.40632814081624835
5001700US3905,5001900US3909,402238,0.5502180419450327
5001700US3906,5001900US3902,177720,0.2586455310441583
5001700US3906,5001900US3906,428682,0.6238841072421331
5001700US3906,5001900US3912,80716,0.11747036171370856
5001700US3907,5001900US3904,102547,0.139076952287954
5001700US3907,5001900US3905,120549,0.1634917405810074
5001700US3907,5001900US3906,144800,0.19638158786991075
5001700US3907,5001900US3907,73679,0.09992540754604388
5001700US3907,5001900US3912,152802,0.20723411180730736
5001700US3907,5001900US3913,142963,0.1938901999077766
5001700US3908,5001900US3905,17724,0.023767124022442257
5001700US3908,5001900US3908,500283,0.6708580516429407
5001700US3908,5001900US3910,81355,0.10909356662411362
5001700US3908,5001900US3915,146374,0.19628125771050345
5001700US3909,5001900US3905,107251,0.15233413488511485
5001700US3909,5001900US3907,113384,0.1610451515586229
5001700US3909,5001900US3909,313970,0.4459478077582448
5001700US3909,5001900US3911,169446,0.24067290579801748
5001700US3910,5001900US3910,705275,0.9669182415804662
5001700US3910,5001900US3915,24130,0.03308175841953373
5001700US3911,5001900US3907,37741,0.054492635603510885
5001700US3911,5001900US3911,560772,0.8096750020574973
5001700US3911,5001900US3913,94076,0.13583236233899182
5001700US3912,5001900US3903,159655,0.19736224015506637
5001700US3912,5001900US3904,282563,0.3492985917442987
5001700US3912,5001900US3912,286499,0.35416419430764057
5001700US3912,5001900US3915,80227,0.09917497379299432
5001700US3913,5001900US3906,203489,0.291347443806993
5001700US3913,5001900US3913,222859,0.31908063816413984
5001700US3913,5001900US3914,272093,0.38957191802886715
5001700US3914,5001900US3907,51046,0.06992066362032502
5001700US3914,5001900US3911,56412,0.0772707847069266
5001700US3914,5001900US3913,138217,0.18932383269228661
5001700US3914,5001900US3914,484381,0.6634847189804618
5001700US3915,5001900US3902,178542,0.23298105141732683
5001700US3915,5001900US3903,87716,0.11446139231173752
5001700US3915,5001900US3912,266613,0.34790568640167446
5001700US3915,5001900US3915,233466,0.3046518698692612
5001700US3916,5001900US3906,9659,0.013068420126909392
5001700US3916,5001900US3907,510780,0.6910744002922434
5001700US3916,5001900US3913,188515,0.25505675745152956
5001700US3916,5001900US3914,30156,0.04080042212931769
5001700US4001,5001900US4001,758164,0.9149089452223242
5001700US4001,5001900US4002,70483,0.08505485249379433
5001700US4001,5001900US4003,30,3.62022838814158e-05
5001700US4002,5001900US4001,690,0.0009555754364486939
5001700US4002,5001900US4002,721388,0.9990444245635514
5001700US4003,5001900US4001,33017,0.0420496414248253
5001700US4003,5001900US4003,589538,0.750821137786857
5001700US4003,5001900US4005,162636,0.20712922078831775
5001700US4004,5001900US4003,21541,0.02697507488554283
5001700US4004,5001900US4004,761773,0.9539428866247909
5001700US4004,5001900US4005,15238,0.019082038489666296
5001700US4005,5001900US4003,180762,0.21914397075849695
5001700US4005,5001900US4004,30097,0.036487625097744454
5001700US4005,5001900US4005,613996,0.7443684041437586
5001700US4101,5001900US4101,578179,0.6691483845879647
5001700US4101,5001900US4105,30,3.4720132584612966e-05
5001700US4101,5001900US4106,285843,0.3308168952794508
5001700US4102,5001900US4102,653012,0.7673728011882897
5001700US4102,5001900US4103,23977,0.02817604830246859
5001700US4102,5001900US4105,173982,0.20445115050924179
5001700US4103,5001900US4101,100640,0.11825003113698157
5001700US4103,5001900US4103,676128,0.7944371726210758
5001700US4103,5001900US4105,74310,0.08731279624194258
5001700US4104,5001900US4102,53197,0.06459019339297335
5001700US4104,5001900US4104,642858,0.780538800011656
5001700US4104,5001900US4105,127553,0.15487100659537062
5001700US4105,5001900US4101,27390,0.03231679187112927
5001700US4105,5001900US4103,6104,0.007201960481247648
5001700US4105,5001900US4104,63350,0.07474511737992111
5001700US4105,5001900US4105,330334,0.3897530166468644
5001700US4105,5001900US4106,420369,0.4959831136208375
5001700US4201,5001900US4201,713282,0.9735697731237187
5001700US4201,5001900US4204,19364,0.026430226876281316
5001700US4202,5001900US4202,733054,1.0
5001700US4203,5001900US4202,31811,0.0422986555540338
5001700US4203,5001900US4203,720246,0.9577013444459662
5001700US4204,5001900US4201,51584,0.0683597580692185
5001700US4204,5001900US4203,19,2.517903619950278e-05
5001700US4204,5001900US4204,624540,0.8276481720019719
5001700US4204,5001900US4205,78453,0.10396689089261009
5001700US4205,5001900US4203,44599,0.061009942381246816
5001700US4205,5001900US4205,686413,0.9389900576187532
5001700US4206,5001900US4206,752938,1.0
5001700US4207,5001900US4207,692643,0.9287472746727596
5001700US4207,5001900US4208,53139,0.0712527253272404
5001700US4208,5001900US4207,7473,0.010479801875229636
5001700US4208,5001900US4208,704423,0.9878513952033836
5001700US4208,5001900US4209,1190,0.0016688029213867612
5001700US4209,5001900US4204,120961,0.17127318243218367
5001700US4209,5001900US4206,11926,0.01688646732158483
5001700US4209,5001900US4207,64749,0.09168051925249843
5001700US4209,5001900US4208,7304,0.01034200547684518
5001700US4209,5001900US4209,501306,0.7098178255168879
5001700US4210,5001900US4210,735826,0.9688473520249221
5001700US4210,5001900US4211,23660,0.03115264797507788
5001700US4211,5001900US4210,7387,0.00986787177510817
5001700US4211,5001900US4211,741204,0.9901321282248918
5001700US4212,5001900US4209,262368,0.38202515499823814
5001700US4212,5001900US4213,115494,0.16816690012260077
5001700US4212,5001900US4215,308920,0.4498079448791611
5001700US4213,5001900US4210,21651,0.031160902285938808
5001700US4213,5001900US4213,561355,0.8079224194135688
5001700US4213,5001900US4214,111807,0.16091667830049236
5001700US4214,5001900US4212,110935,0.1608711855902574
5001700US4214,5001900US4214,578654,0.8391288144097426
5001700US4215,5001900US4213,88015,0.13052311570830089
5001700US4215,5001900US4214,74405,0.11033996959922886
5001700US4215,5001900US4215,455944,0.6761487413339266
5001700US4215,5001900US4216,55961,0.08298817335854373
5001700US4216,5001900US4216,688028,1.0
5001700US4217,5001900US4216,20876,0.028323492380497545
5001700US4217,5001900US4217,716180,0.9716765076195024
5001700US4218,5001900US4212,653929,0.9307100779518739
5001700US4218,5001900US4217,48684,0.06928992204812606
5001700US4401,5001900US4401,546128,0.9852446388012419
5001700US4401,5001900US4402,8179,0.01475536119875809
5001700US4402,5001900US4401,1950,0.00359068410818455
5001700US4402,5001900US4402,541122,0.9964093158918155
5001700US4501,5001900US4501,678404,0.8284403456861885
5001700US4501,5001900US4506,140489,0.17155965431381145
5001700US4502,5001900US4502,707432,0.9800548329313452
5001700US4502,5001900US4506,14397,0.019945167068654766
5001700US4503,5001900US4503,692784,0.98019058129417
5001700US4503,5001900US4504,14001,0.01980941870582992
5001700US4504,5001900US4503,7111,0.00935371129640518
5001700US4504,5001900US4504,717203,0.9433989316433251
5001700US4504,5001900US4505,35919,0.04724735706026968
5001700US4505,5001900US4503,31309,0.04252287833803712
5001700US4505,5001900US4505,694939,0.9438438324238135
5001700US4505,5001900US4506,10038,0.013633289238149306
5001700US4506,5001900US4501,52799,0.08167366113760571
5001700US4506,5001900US4502,23771,0.03677085927578222
5001700US4506,5001900US4505,346,0.0005352201131387257
5001700US4506,5001900US4506,565994,0.8755241986006933
5001700US4506,5001900US4507,3553,0.005496060872780035
5001700US4507,5001900US4506,286,0.0003928916827852998
5001700US4507,5001900US4507,727650,0.9996071083172147
5001700US4600,5001900US4600,886667,1.0
5001700US4701,5001900US4701,726822,1.0
5001700US4702,5001900US4701,41049,0.053046260567511896
5001700US4702,5001900US4702,732785,0.9469537394324881
5001700US4703,5001900US4702,35086,0.04750814460154416
5001700US4703,5001900US4703,687471,0.9308690553887067
5001700US4703,5001900US4706,15969,0.02162280000974915
5001700US4704,5001900US4703,80400,0.0967687191504573
5001700US4704,5001900US4704,635478,0.7648556232374913
5001700US4704,5001900US4705,108811,0.13096394402338818
5001700US4704,5001900US4706,6158,0.007411713588663135
5001700US4705,5001900US4705,346457,0.4329375805220138
5001700US4705,5001900US4706,188668,0.2357622084181509
5001700US4705,5001900US4707,265122,0.33130021105983526
5001700US4706,5001900US4704,57889,0.07137106567755601
5001700US4706,5001900US4705,112307,0.13846275238904251
5001700US4706,5001900US4706,557076,0.6868162825992882
5001700US4706,5001900US4707,83827,0.10334989933411334
5001700US4707,5001900US4704,74505,0.09059801621899659
5001700US4707,5001900US4705,200296,0.24355976453392578
5001700US4707,5001900US4707,418834,0.509301785451543
5001700US4707,5001900US4708,128734,0.15654043379553462
5001700US4708,5001900US4707,88,0.00012284549247780754
5001700US4708,5001900US4708,637367,0.8897461705011678
5001700US4708,5001900US4709,78892,0.11013098400635446
5001700US4709,5001900US4708,1770,0.0025624358486222927
5001700US4709,5001900US4709,688979,0.9974375641513777
5001700US4801,5001900US4801,555174,0.7685526528905827
5001700US4801,5001900US4805,16141,0.022344721421224508
5001700US4801,5001900US4817,151048,0.20910262568819277
5001700US4802,5001900US4802,264821,0.3250517979536126
5001700US4802,5001900US4807,96982,0.11903955301557376
5001700US4802,5001900US4808,14344,0.017606394469647874
5001700US4802,5001900US4809,4379,0.005374958267051592
5001700US4802,5001900US4818,153179,0.188017979536126
5001700US4802,5001900US4838,280999,0.3449093167579882
5001700US4803,5001900US4803,561979,0.6023303122802806
5001700US4803,5001900US4804,294509,0.31565538559154904
5001700US4803,5001900US4832,76520,0.08201430212817039
5001700US4804,5001900US4801,211813,0.2690522523804201
5001700US4804,5001900US4803,140042,0.17788622760575976
5001700US4804,5001900US4804,421285,0.5351308849980184
5001700US4804,5001900US4805,14116,0.01793063501580172
5001700US4805,5001900US4805,479400,0.6121698445696423
5001700US4805,5001900US4806,108334,0.1383371045924231
5001700US4805,5001900US4824,19766,0.025240194300716626
5001700US4805,5001900US4830,14977,0.01912488060517216
5001700US4805,5001900US4832,160639,0.20512797593204582
5001700US4806,5001900US4806,356841,0.4325460800166792
5001700US4806,5001900US4812,34722,0.04208839508447498
5001700US4806,5001900US4825,346164,0.41960391671050623
5001700US4806,5001900US4830,52650,0.06381988368174667
5001700US4806,5001900US4833,34601,0.041941724506592906
5001700US4807,5001900US4807,262847,0.328185029297887
5001700US4807,5001900US4808,231116,0.2885663950176736
5001700US4807,5001900US4809,50584,0.06315807873783728
5001700US4807,5001900US4822,27610,0.03447324359385749
5001700US4807,5001900US4838,228754,0.28561725335274457
5001700US4808,5001900US4802,382026,0.4168832784437999
5001700US4808,5001900US4808,325528,0.35523021957995865
5001700US4808,5001900US4810,42723,0.04662118364968474
5001700US4808,5001900US4817,102253,0.111582891925455
5001700US4808,5001900US4838,63856,0.06968242640110171
5001700US4809,5001900US4807,257829,0.33449619744732084
5001700US4809,5001900US4809,505685,0.6560538558740422
5001700US4809,5001900US4822,7284,0.009449946678636944
5001700US4810,5001900US4808,145876,0.1555211080809653
5001700US4810,5001900US4810,279373,0.29784473476036855
5001700US4810,5001900US4817,7403,0.007892475548571294
5001700US4810,5001900US4822,54111,0.057688740295655995
5001700US4810,5001900US4827,2264,0.002413692373627639
5001700US4810,5001900US4835,58265,0.062117396709105294
5001700US4810,5001900US4837,197312,0.21035798128322292
5001700US4810,5001900US4838,193378,0.206163870948483
5001700US4811,5001900US4811,570685,0.7319345794632253
5001700US4811,5001900US4819,46849,0.06008639286694524
5001700US4811,5001900US4825,162160,0.20797902766982945
5001700US4812,5001900US4812,718405,0.8309832925401724
5001700US4812,5001900US4813,680,0.0007865600029611671
5001700US4812,5001900US4824,65587,0.07586486899149127
5001700US4812,5001900US4825,50048,0.0578908162179419
5001700US4812,5001900US4826,26779,0.030975426940142783
5001700US4812,5001900US4833,3025,0.0034990353072904858
5001700US4813,5001900US4813,629009,0.8890963574427184
5001700US4813,5001900US4819,9090,0.012848601354121024
5001700US4813,5001900US4825,8472,0.011975066080540518
5001700US4813,5001900US4826,60899,0.08607997512262004
5001700US4814,5001900US4809,6806,0.008785495026371975
5001700US4814,5001900US4814,681614,0.8798584200566423
5001700US4814,5001900US4822,14686,0.01895735820706712
5001700US4814,5001900US4836,71580,0.0923987267099186
5001700US4815,5001900US4815,527191,0.6527048342086562
5001700US4815,5001900US4828,88626,0.10972611185808627
5001700US4815,5001900US4834,191885,0.23756905393325756
5001700US4816,5001900US4816,720471,0.9512901360247807
5001700US4816,5001900US4823,36891,0.048709863975219245
5001700US4817,5001900US4806,12511,0.015529924057169386
5001700US4817,5001900US4810,277843,0.3448869546651837
5001700US4817,5001900US4817,419449,0.5206627060870946
5001700US4817,5001900US4837,95803,0.1189204151905522
5001700US4818,5001900US4802,41090,0.05156178630406521
5001700US4818,5001900US4807,8898,0.01116565525757051
5001700US4818,5001900US4809,29562,0.03709587555903567
5001700US4818,5001900US4818,607268,0.7620302469042851
5001700US4818,5001900US4829,110090,0.13814643597504353
5001700US4819,5001900US4819,711048,0.9721420133875837
5001700US4819,5001900US4825,20376,0.027857986612416327
5001700US4820,5001900US4820,635137,0.8226065693307758
5001700US4820,5001900US4821,12096,0.015666303589028926
5001700US4820,5001900US4823,92900,0.1203207344097873
5001700US4820,5001900US4828,11216,0.014526559280303275
5001700US4820,5001900US4835,20754,0.026879833390104687
5001700US4821,5001900US4810,601,0.0007086679165634912
5001700US4821,5001900US4820,20470,0.02413715848927565
5001700US4821,5001900US4821,602532,0.7104743712193569
5001700US4821,5001900US4823,2134,0.0025163017203768557
5001700US4821,5001900US4835,41202,0.04858325374084686
5001700US4821,5001900US4837,181131,0.21358024691358024
5001700US4822,5001900US4807,140431,0.14443042283883004
5001700US4822,5001900US4809,133151,0.1369430911366654
5001700US4822,5001900US4814,565,0.0005810909906212942
5001700US4822,5001900US4822,585471,0.6021449971151146
5001700US4822,5001900US4829,9046,0.009303626727717217
5001700US4822,5001900US4836,103645,0.1065967711910514
5001700US4823,5001900US4816,46515,0.05573001345475763
5001700US4823,5001900US4820,104457,0.12515081189817517
5001700US4823,5001900US4821,4466,0.005350752232375525
5001700US4823,5001900US4823,633614,0.7591382724953842
5001700US4823,5001900US4828,45597,0.0546301499193074
5001700US4824,5001900US4806,65772,0.07994593451366588
5001700US4824,5001900US4812,9198,0.011180178581413045
5001700US4824,5001900US4824,372695,0.45301116073056474
5001700US4824,5001900US4826,101220,0.12303301543929424
5001700US4824,5001900US4832,113363,0.1377928445884678
5001700US4824,5001900US4833,160458,0.1950368661465943
5001700US4825,5001900US4806,83797,0.09899793490948099
5001700US4825,5001900US4810,117248,0.13851700982453818
5001700US4825,5001900US4811,67519,0.07976707480164262
5001700US4825,5001900US4821,63798,0.0753710783363971
5001700US4825,5001900US4825,170312,0.2012069201797621
5001700US4825,5001900US4831,158680,0.1874648532935122
5001700US4825,5001900US4835,35895,0.04240642115560008
5001700US4825,5001900US4837,149203,0.1762687074990667
5001700US4826,5001900US4804,51193,0.05428127909270008
5001700US4826,5001900US4812,71,7.528316011137666e-05
5001700US4826,5001900US4813,137298,0.14558066643622244
5001700US4826,5001900US4824,176455,0.18709985940074605
5001700US4826,5001900US4826,578089,0.61296291191022
5001700US4827,5001900US4822,77825,0.10521199896714466
5001700US4827,5001900US4827,661872,0.8947880010328554
5001700US4828,5001900US4815,186725,0.2390000460784665
5001700US4828,5001900US4821,9476,0.012128876350995039
5001700US4828,5001900US4823,1448,0.0018533783195695246
5001700US4828,5001900US4828,478191,0.6120641105064023
5001700US4828,5001900US4835,105436,0.1349535887445666
5001700US4829,5001900US4809,36820,0.05133460205923974
5001700US4829,5001900US4818,6540,0.009118096074617815
5001700US4829,5001900US4829,647837,0.9032171264055322
5001700US4829,5001900US4836,26058,0.036330175460610244
5001700US4830,5001900US4830,654868,0.8363832352460356
5001700US4830,5001900US4832,126039,0.1609742827366356
5001700US4830,5001900US4833,2069,0.002642482017328756
5001700US4831,5001900US4810,49199,0.05268845071387876
5001700US4831,5001900US4811,128783,0.13791696474085752
5001700US4831,5001900US4817,86834,0.09299272199209228
5001700US4831,5001900US4831,608307,0.6514513178805961
5001700US4831,5001900US4837,60649,0.06495054467257531
5001700US4832,5001900US4803,64966,0.08227022563970084
5001700US4832,5001900US4805,257330,0.32587195092608773
5001700US4832,5001900US4824,132452,0.16773167389757188
5001700US4832,5001900US4830,44492,0.05634280822524966
5001700US4832,5001900US4832,290426,0.3677833413113899
5001700US4833,5001900US4806,139732,0.19389879052625153
5001700US4833,5001900US4812,4591,0.0063706906600207594
5001700US4833,5001900US4824,32,4.4404726883176714e-05
5001700US4833,5001900US4825,9455,0.01312020914626362
5001700US4833,5001900US4833,566834,0.7865659049405809
5001700US4834,5001900US4815,53071,0.0745535231389715
5001700US4834,5001900US4827,83678,0.11754988052274984
5001700US4834,5001900US4834,575102,0.8078965963382787
5001700US4835,5001900US4820,6923,0.008316954910883762
5001700US4835,5001900US4821,74619,0.08964363115632464
5001700US4835,5001900US4827,19173,0.02303350808989952
5001700US4835,5001900US4828,143357,0.17222211543544177
5001700US4835,5001900US4835,505435,0.6072049841661902
5001700US4835,5001900US4837,82889,0.09957880624126017
5001700US4836,5001900US4802,79050,0.10138527816503548
5001700US4836,5001900US4808,50123,0.06428506385156323
5001700US4836,5001900US4814,84808,0.10877017926148425
5001700US4836,5001900US4829,14,1.7955646986850054e-05
5001700US4836,5001900US4836,565704,0.7255415230749303
5001700US4901,5001900US4901,727350,0.9090772743804814
5001700US4901,5001900US4903,72747,0.09092272561951863
5001700US4902,5001900US4901,71517,0.08921380776312442
5001700US4902,5001900US4902,713118,0.8895783123512417
5001700US4902,5001900US4904,17001,0.021207879885633878
5001700US4903,5001900US4903,671181,0.8531448531486665
5001700US4903,5001900US4904,115533,0.14685514685133352
5001700US4904,5001900US4901,19037,0.02155533085966559
5001700US4904,5001900US4902,104786,0.11864773333303139
5001700US4904,5001900US4903,73976,0.08376199798679528
5001700US4904,5001900US4904,685370,0.7760349378205077
5001700US5000,5001900US5000,643077,1.0
5001700US5101,5001900US5101,319599,0.3861728890317373
5001700US5101,5001900US5105,16840,0.020347846680666887
5001700US5101,5001900US5107,346606,0.41880556690019166
5001700US5101,5001900US5110,144561,0.17467369738740415
5001700US5102,5001900US5101,115713,0.15411344778445188
5001700US5102,5001900US5102,505165,0.6728087583074731
5001700US5102,5001900US5103,129952,0.17307779390807507
5001700US5103,5001900US5102,120802,0.1596303192157101
5001700US5103,5001900US5103,635959,0.8403696807842899
5001700US5104,5001900US5101,3428,0.004340256895602135
5001700US5104,5001900US5102,159471,0.20190930787589498
5001700US5104,5001900US5103,13676,0.01731544728828903
5001700US5104,5001900US5104,613240,0.7764349879402138
5001700US5105,5001900US5104,15849,0.021440427699263135
5001700US5105,5001900US5105,512004,0.6926357968157941
5001700US5105,5001900US5107,34499,0.04667003061372193
5001700US5105,5001900US5109,113301,0.15327288149121157
5001700US5105,5001900US5110,63558,0.08598086338000922
5001700US5106,5001900US5105,138207,0.1810411566136277
5001700US5106,5001900US5106,583681,0.7645798210900955
5001700US5106,5001900US5109,41513,0.054379022296276794
5001700US5107,5001900US5101,345516,0.42269142263637133
5001700US5107,5001900US5104,158284,0.19363875809101574
5001700US5107,5001900US5105,121563,0.14871565256007016
5001700US5107,5001900US5107,192056,0.23495416671254277
5001700US5108,5001900US5108,715090,0.8958142553087539
5001700US5108,5001900US5111,83167,0.10418574469124606
5001700US5109,5001900US5106,65177,0.09354364159568285
5001700US5109,5001900US5109,631578,0.9064563584043172
5001700US5110,5001900US5106,134322,0.15170393326571963
5001700US5110,5001900US5108,13711,0.015485271429894447
5001700US5110,5001900US5110,573487,0.6476990632715247
5001700US5110,5001900US5111,163902,0.18511173203286116
5001700US5111,5001900US5107,210527,0.261226976508718
5001700US5111,5001900US5108,55292,0.0686076464544692
5001700US5111,5001900US5110,2669,0.0033117595382149007
5001700US5111,5001900US5111,537428,0.6668536174985978
5001700US5301,5001900US5301,488664,0.6187656697140831
5001700US5301,5001900US5302,173179,0.21928609415757083
5001700US5301,5001900US5308,127897,0.16194823612834605
5001700US5302,5001900US5301,214508,0.28063519308812795
5001700US5302,5001900US5302,547748,0.7166043492253711
5001700US5302,5001900US5308,2110,0.0027604576865009694
5001700US5303,5001900US5303,750015,0.9705791006146878
5001700US5303,5001900US5304,22735,0.029420899385312196
5001700US5304,5001900US5304,728180,0.9685266737869476
5001700US5304,5001900US5305,23663,0.03147332621305246
5001700US5305,5001900US5305,751208,1.0
5001700US5306,5001900US5306,712370,0.9668457297658245
5001700US5306,5001900US5310,24428,0.03315427023417544
5001700US5307,5001900US5302,48178,0.06026845469670624
5001700US5307,5001900US5307,750157,0.9384117889891042
5001700US5307,5001900US5309,1055,0.0013197563141895696
5001700US5308,5001900US5304,17795,0.022799662777676703
5001700US5308,5001900US5306,6636,0.008502307512934116
5001700US5308,5001900US5308,613090,0.7855153274720882
5001700US5308,5001900US5309,116294,0.14900050480849308
5001700US5308,5001900US5310,26679,0.03418219742880791
5001700US5309,5001900US5301,68859,0.08903194775406345
5001700US5309,5001900US5306,23797,0.03076857434327318
5001700US5309,5001900US5307,19506,0.025220482041429033
5001700US5309,5001900US5308,9768,0.01262963542400691
5001700US5309,5001900US5309,651489,0.8423493604372274
5001700US5310,5001900US5303,19293,0.02456852585024571
5001700US5310,5001900US5306,30475,0.038808159710062615
5001700US5310,5001900US5308,16982,0.021625600268951054
5001700US5310,5001900US5310,718523,0.9149977141707406
5001700US5401,5001900US5401,7408,0.012304748490143578
5001700US5401,5001900US5402,594636,0.9876952515098564
5001700US5402,5001900US5401,318068,0.512119997230635
5001700US5402,5001900US5402,303013,0.48788000276936505
5001700US5403,5001900US5401,570591,1.0
5001700US5501,5001900US5501,631331,0.8678661959826902
5001700US5501,5001900US5505,96121,0.13213380401730973
5001700US5502,5001900US5501,45413,0.05752901279844133
5001700US5502,5001900US5502,736715,0.9332677132936319
5001700US5502,5001900US5503,7265,0.009203273907926723
5001700US5503,5001900US5503,729448,0.9943619271957949
5001700US5503,5001900US5507,4136,0.005638072804205108
5001700US5504,5001900US5501,48160,0.06925560293070844
5001700US5504,5001900US5504,647235,0.9307443970692916
5001700US5505,5001900US5501,11811,0.016056913608611542
5001700US5505,5001900US5504,87787,0.1193453793039693
5001700US5505,5001900US5505,635923,0.8645297326838606
5001700US5505,5001900US5506,50,6.797440355859597e-05
5001700US5506,5001900US5504,1692,0.0023248975643537693
5001700US5506,5001900US5505,4671,0.006418201254785139
5001700US5506,5001900US5506,721411,0.9912569011808611
5001700US5507,5001900US5503,3,4.0951047118274815e-06
5001700US5507,5001900US5507,732579,0.9999959048952882
5001700US5508,5001900US5506,15253,0.020284134809107315
5001700US5508,5001900US5508,736714,0.9797158651908927
5001700US5600,5001900US5600,576851,1.0
