run_id,prior_acs_share,mass_parametrization,l2_basis,l2_lambda,holdout_fold,epochs,kish_ess,ess_fraction,top_1pct_share,chi_square_distance_from_prior,chi_square_distance_from_release_design,prior_kish_ess,donor_mass_share,state_ess_median,state_ess_min,cd_ess_median,cd_ess_p10,cd_ess_min,prior_cd_ess_median,ma_ess,ma_prior_ess,ma_cd_ess_min,ma_cd_ess_median,final_loss,within_10pct,mean_capped_error,prior_within_10pct,prior_mean_capped_error,n_states,n_cds,states_below_300,states_below_1000,cds_below_50,cds_below_100,cds_below_200,states_below_0.25_of_prior,cds_below_0.25_of_prior,states_below_0.5_of_prior,cds_below_0.5_of_prior,within_10pct_soi,mean_abs_rel_error_soi,within_10pct_snap,mean_abs_rel_error_snap,within_10pct_medicaid,mean_abs_rel_error_medicaid,within_10pct_pop_state,mean_abs_rel_error_pop_state,within_10pct_pop_cd,mean_abs_rel_error_pop_cd,holdout_within_10pct,holdout_mean_capped_error,prior_holdout_within_10pct,prior_holdout_mean_capped_error,holdout_within_10pct_soi,holdout_within_10pct_snap,holdout_within_10pct_medicaid,holdout_within_10pct_pop_state,holdout_within_10pct_pop_cd,arm
proj_chi_s050_0.1,0.5,projection,chi_square,0.1,,800,22739.282931816633,0.014311751068264695,0.6203683019746802,0.26131469463063733,0.26131469463063733,36287.945780887014,0.6114961507743405,412.5857550176453,207.09397212905026,50.98105615256389,39.734686801589056,27.166789565662953,79.51429776629136,615.8444262032114,1020.1338677911739,57.93177407511949,69.99581930830715,0.02281636562394279,0.9591836734693877,0.02281636562394279,0.3177842565597668,0.21506572661536336,51,436,11,47,208,397,427,0,0,11,41,0.9541764859910972,0.08444464075683399,0.9803921568627451,0.0080644736155057,0.9411764705882353,0.01888992428759252,1.0,0.004297303615209665,0.9954128440366973,0.003808441082309571,,,,,,,,,,full surface
proj_chi_s050_1,0.5,projection,chi_square,1.0,,800,30582.242225085345,0.019247987684888192,0.5547973766007034,0.056866583968318694,0.056866583968318694,36287.945780887014,0.547392949551476,551.2105893208019,243.19905508471328,67.2280674428686,54.176898396257755,43.50689739950773,79.51429776629136,843.4059167694891,1020.1338677911739,84.6399625533099,92.76378933200017,0.078534273888495,0.7591388203633102,0.078534273888495,0.3177842565597668,0.21506572661536336,51,436,2,46,17,370,420,0,0,0,0,0.7562189054726368,0.13758293564253826,0.7352941176470589,0.07074042883547024,0.7843137254901961,0.05909524387224293,1.0,0.021833562338680022,0.7591743119266054,0.06447487730867597,,,,,,,,,,full surface
release_repro,0.5,projection,record,0.0,,800,13646.363987962648,0.008588809285159397,0.6930996762845604,0.7268519010965149,0.7268519010965149,36287.945780887014,0.6802224702405666,302.6525039858842,195.4215613359527,33.28434163722218,20.817695656522567,11.742438320364872,79.51429776629136,447.8160041829433,1020.1338677911739,32.4140983589031,53.28567421270502,0.015485442460186854,0.9757793227180982,0.015485442460186854,0.3177842565597668,0.21506572661536336,51,436,25,50,352,413,429,0,15,50,375,0.9717203456402199,0.05099515548350965,1.0,0.0009253254614989234,1.0,0.0006007839173638317,1.0,0.00042942338419221495,1.0,0.0013829366804760808,,,,,,,,,,full surface
proj_rec_s050_0.1,0.5,projection,record,0.1,,800,8689.406542366594,0.005468977352460701,0.8877780169305078,1.0750356801808232,1.0750356801808232,36287.945780887014,0.8816472534588273,199.35505182961347,119.76784153569236,20.119776699506367,13.463196733878384,8.380021233255572,79.51429776629136,279.4009169112098,1020.1338677911739,25.848022717033896,31.66089407652145,0.014966237473359898,0.9760035882484862,0.014966237473359898,0.3177842565597668,0.21506572661536336,51,436,46,51,401,423,435,20,203,51,436,0.9719821942916994,0.06449080218327988,1.0,0.0009147891588692131,1.0,0.0008158922543031929,1.0,0.0007852707746681506,1.0,0.0013640007912405611,,,,,,,,,,full surface
soft_chi_s050_0,0.5,softmax,chi_square,0.0,,800,16132.478743364016,0.010153531251684557,0.6403767635028078,0.638638197361959,0.638638197361959,36287.945780887014,0.6284178864777765,308.9112184813983,201.16100551262093,39.34825778218601,24.682210914584026,13.09019912853377,79.51429776629136,502.4491452205521,1020.1338677911739,39.43120888753884,57.25775507255128,0.015989648628298762,0.9751065261269343,0.015989648628298762,0.3177842565597668,0.21506572661536336,51,436,24,49,319,410,428,0,8,47,276,0.9709347996857817,0.05346006629157071,1.0,0.0009602124665391629,1.0,0.0007598508176415326,1.0,0.0005638808007538815,1.0,0.0011005765090084615,,,,,,,,,,full surface
soft_chi_s050_0.01,0.5,softmax,chi_square,0.01,,800,19844.15565999906,0.012489602984288715,0.6275367329114693,0.38902131429028974,0.38902131429028974,36287.945780887014,0.6182307049328273,353.58992836895266,205.76005552164133,45.011793144083825,33.00229054941693,18.581928191723485,79.51429776629136,590.9842917967397,1020.1338677911739,55.91316333237444,67.44645062626206,0.017111286923388206,0.9739851984749944,0.017111286923388206,0.3177842565597668,0.21506572661536336,51,436,16,48,282,405,427,0,0,19,139,0.9696255564283844,0.0545736467881837,1.0,0.0009985544747788439,1.0,0.002836183897748814,1.0,0.0005237522293862034,1.0,0.0011807281200573304,,,,,,,,,,full surface
soft_chi_s050_0.03,0.5,softmax,chi_square,0.03,,800,21834.86499180339,0.013742524481043187,0.615613585365125,0.2906489050550112,0.2906489050550112,36287.945780887014,0.6072393778415927,388.825712770398,212.92625094213838,48.6018255011184,37.35237021927534,23.032718487723155,79.51429776629136,620.2071947927367,1020.1338677911739,59.39043265248993,70.08303014019083,0.019168738365147906,0.9710697465799507,0.019168738365147906,0.3177842565597668,0.21506572661536336,51,436,10,47,239,399,426,0,0,7,49,0.9662215239591516,0.06779361880028055,1.0,0.001868745064835342,1.0,0.008302729766036748,1.0,0.0005333619896428927,1.0,0.0012462689858426627,,,,,,,,,,full surface
soft_chi_s050_0.1,0.5,softmax,chi_square,0.1,,800,24894.868758694804,0.015668443267093643,0.5921067786035635,0.19563753792347618,0.19563753792347618,36287.945780887014,0.5844321640084988,440.7511303685884,222.3560059962375,55.42450951623308,43.20008978452866,29.374751185538045,79.51429776629136,664.2439670954255,1020.1338677911739,63.77006032798903,75.54502428818645,0.024565160539909977,0.9546983628616281,0.024565160539909977,0.3177842565597668,0.21506572661536336,51,436,4,47,132,390,424,0,0,1,8,0.9492013616129877,0.09335733566346989,0.9705882352941176,0.009686595900131158,0.9411764705882353,0.021951797928105973,1.0,0.0032133295302507483,0.9954128440366973,0.003602445123618369,,,,,,,,,,full surface
soft_chi_s050_0.3,0.5,softmax,chi_square,0.3,,800,29165.35493174789,0.018356220855879703,0.5616609152515643,0.10457939295618007,0.10457939295618007,36287.945780887014,0.554548238022707,495.33928485719593,229.66452794551077,64.72895842914812,52.10620145260326,38.220722455498645,79.51429776629136,769.2704374248023,1020.1338677911739,76.58969215917556,87.07659827979153,0.04171101498817651,0.8948194662480377,0.04171101498817651,0.3177842565597668,0.21506572661536336,51,436,3,46,33,379,421,0,0,0,0,0.8908091123330715,0.10956747497668332,0.8431372549019608,0.03531475880432957,0.9019607843137255,0.03863252764295264,1.0,0.012377911618854768,0.9288990825688074,0.02192219946975052,,,,,,,,,,full surface
soft_chi_s050_1,0.5,softmax,chi_square,1.0,,800,33418.461236545336,0.02103305982585268,0.5327534706350597,0.03627654602120948,0.03627654602120948,36287.945780887014,0.5259304917971481,596.9567979001242,269.452251602278,72.81315382323645,59.3600720757002,47.40721846453576,79.51429776629136,906.5979345494854,1020.1338677911739,92.15688471278429,100.4102038376807,0.080139949534703,0.7571204305898184,0.080139949534703,0.3177842565597668,0.21506572661536336,51,436,1,44,4,348,418,0,0,0,0,0.7570044514270752,0.14627671751185914,0.6568627450980392,0.09417107483417407,0.7450980392156863,0.06454893811586923,1.0,0.022193602129627933,0.7545871559633027,0.06250359106584225,,,,,,,,,,full surface
soft_chi_s050_3,0.5,softmax,chi_square,3.0,,800,35386.48428566223,0.022271702929068514,0.5179198291376714,0.010648653168391068,0.010648653168391068,36287.945780887014,0.5111538487782216,666.691467915572,325.07890015244493,77.43474659219167,61.768344042782076,49.751112149370876,79.51429776629136,976.0139643755285,1020.1338677911739,99.68921514008552,108.06962041560975,0.12319551233661241,0.5922852657546535,0.12319551233661241,0.3177842565597668,0.21506572661536336,51,436,0,43,1,332,415,0,0,0,0,0.5831369468447237,0.18871866148176217,0.46078431372549017,0.15131233407797628,0.7058823529411765,0.081227161082361,1.0,0.029774637031143927,0.6422018348623854,0.08689744369590563,,,,,,,,,,full surface
soft_chi_s700_0,0.7,softmax,chi_square,0.0,,800,25531.46575663494,0.016069107518145116,0.4951074057079497,0.9887691016306444,0.851319213478651,96033.83015669475,0.47337876575959453,502.5266935009114,309.31470091753573,64.52855743882051,36.882922101768784,18.809284063179565,215.2259613958263,776.5331223772172,2696.8976063947944,53.10001082867262,90.38612620128823,0.017798549777284397,0.9730881363534425,0.017798549777284397,0.26485759138820364,0.27570100405358117,51,436,0,46,128,358,420,12,157,51,431,0.9685781618224666,0.07408670788970613,1.0,0.0007645685774077796,1.0,0.0006167466905159074,1.0,0.0004358960943392136,1.0,0.0010717924665559963,,,,,,,,,,full surface
soft_chi_s700_0.01,0.7,softmax,chi_square,0.01,,800,34280.24840871552,0.0215754552707269,0.46862583444937883,0.6337567132336143,0.5699205599564283,96033.83015669475,0.4517565490334727,587.5162877831821,318.5284603591591,80.92948944702493,54.4229692618284,24.139105214806843,215.2259613958263,992.0574876084564,2696.8976063947944,80.65706603124764,115.96057545722059,0.019314059648010754,0.9706212155191747,0.019314059648010754,0.26485759138820364,0.27570100405358117,51,436,0,45,30,310,414,0,15,51,414,0.9656978266561927,0.07617460159329834,1.0,0.0008294674448720698,1.0,0.006293633199550042,1.0,0.0004904771970292199,1.0,0.0012410554629955423,,,,,,,,,,full surface
soft_chi_s700_0.03,0.7,softmax,chi_square,0.03,,800,40799.09007786725,0.025678312845527185,0.44517541687203444,0.46972420869661474,0.4465164181517591,96033.83015669475,0.43019411857326106,651.9175505357117,333.43577357590874,94.77003993622361,66.77075087221293,35.91124292632881,215.2259613958263,1084.9964250098938,2696.8976063947944,90.4614726740618,129.15739756388712,0.023123063945772456,0.9616505943036555,0.023123063945772456,0.26485759138820364,0.27570100405358117,51,436,0,38,4,249,406,0,4,50,345,0.9560094265514533,0.08834663342005532,1.0,0.002098415273251842,0.9411764705882353,0.015134630458266598,1.0,0.0007225874648294278,1.0,0.0011495498392332516,,,,,,,,,,full surface
soft_chi_s700_0.1,0.7,softmax,chi_square,0.1,,800,52651.33609129208,0.03313793217708618,0.4070589582071354,0.29365482663198933,0.32596121529595085,96033.83015669475,0.39374211221820377,808.2653047433396,370.9974118045814,123.18229131011134,89.45864301099765,53.51342466597135,215.2259613958263,1280.0647749901582,2696.8976063947944,114.86002259124643,149.34260046407766,0.03423442286541523,0.9257681094415788,0.03423442286541523,0.26485759138820364,0.27570100405358117,51,436,0,32,0,98,392,0,0,37,171,0.9172558261324955,0.1171087518042284,0.9509803921568627,0.013377442822583846,0.8235294117647058,0.037282924876639145,1.0,0.0039134475414099364,0.9977064220183486,0.003545264673749597,,,,,,,,,,full surface
soft_chi_s700_0.3,0.7,softmax,chi_square,0.3,,800,69250.24153984933,0.043585025143813926,0.36747266099094594,0.1435353477588469,0.22908177782914527,96033.83015669475,0.35549724863802495,1065.108782333921,410.91181821362613,158.97248698565116,120.51380500464155,78.7562513856634,215.2259613958263,1735.5450885144107,2696.8976063947944,150.22033059893786,192.77365140474035,0.062196729009586615,0.8358376317559991,0.062196729009586615,0.26485759138820364,0.27570100405358117,51,436,0,23,0,10,346,0,0,12,33,0.8261324954176485,0.14655001919936686,0.803921568627451,0.04753799732181716,0.7254901960784313,0.06058363854135358,1.0,0.014343353719674906,0.9220183486238532,0.023402688475919593,,,,,,,,,,full surface
soft_chi_s700_1,0.7,softmax,chi_square,1.0,,800,85357.67993897753,0.053722796392228316,0.33514979894163544,0.04590280228254873,0.17266259430931483,96033.83015669475,0.3241913283141606,1441.6466041031958,572.5022277538627,189.59560726427856,146.99560133697872,105.13806893661695,215.2259613958263,2273.6006540752874,2696.8976063947944,205.52891779850367,255.80595937873204,0.11650497824248653,0.6642745010091949,0.11650497824248653,0.26485759138820364,0.27570100405358117,51,436,0,11,0,0,245,0,0,0,0,0.6501702016234616,0.2016069862295729,0.6078431372549019,0.12789070329543456,0.6470588235294118,0.09523190405765426,0.9803921568627451,0.03303033836084975,0.7660550458715596,0.05757710316549409,,,,,,,,,,full surface
soft_chi_s700_3,0.7,softmax,chi_square,3.0,,800,92667.84561272652,0.0583237009899755,0.3203627295216588,0.012515835613148497,0.15862818547771562,96033.83015669475,0.3096906739304293,1666.2524839406099,782.2909311911703,205.52111173819998,157.8823585656399,113.786054947428,215.2259613958263,2535.068330293253,2696.8976063947944,238.8981504081194,285.7662888446908,0.17365128805235788,0.49629961874859835,0.17365128805235788,0.26485759138820364,0.27570100405358117,51,436,0,8,0,0,201,0,0,0,0,0.46975648075412413,0.2659372322365121,0.4215686274509804,0.20923346744670077,0.6078431372549019,0.1142443650398539,0.9411764705882353,0.04834478810818995,0.6811926605504587,0.07754770659890833,,,,,,,,,,full surface
soft_chi_s900_0,0.9,softmax,chi_square,0.0,,800,93523.93850172317,0.05886251254156969,0.2775651212324449,1.5222045136431377,2.256471645996586,479159.1558341447,0.22399118287914077,1620.362201074845,598.9601529005315,226.72606363633335,136.65137673748796,63.758994211546,1111.254311290977,2703.676896076664,12754.412733842577,234.19990024560659,310.0167593389607,0.03133751301811263,0.9578380802870599,0.03133751301811263,0.19825072886297376,0.33558248166548904,51,436,0,10,0,4,164,31,328,51,436,0.9507724535218643,0.12803423830590288,1.0,0.0008948356693254683,1.0,0.003518429007809195,1.0,0.0004853091861055337,1.0,0.0009195886506329075,,,,,,,,,,full surface
soft_chi_s900_0.01,0.9,softmax,chi_square,0.01,,800,130607.80580497098,0.0822025219466175,0.24156139638001167,1.0299077857246144,1.7242523331586115,479159.1558341447,0.20055233693745905,1896.7214659905728,612.3019854354444,317.3909780466074,208.0662125229772,85.03694685916126,1111.254311290977,3285.447690054691,12754.412733842577,271.40235976989266,378.4488221325921,0.03352439701255429,0.9511101143754205,0.03352439701255429,0.19825072886297376,0.33558248166548904,51,436,0,8,0,1,37,12,121,51,435,0.9437025399319193,0.13219183155939118,1.0,0.0009716675290624272,0.9411764705882353,0.012327973430570625,1.0,0.0005997275561189032,1.0,0.0011671147312077202,,,,,,,,,,full surface
soft_chi_s900_0.03,0.9,softmax,chi_square,0.03,,800,170766.3200336287,0.10747766631397768,0.21427515034913114,0.7374611405341838,1.418998307272819,479159.1558341447,0.17941869092282217,2436.941808554165,637.0471222511113,413.40126280002517,276.7582351700207,146.72927377213077,1111.254311290977,4003.4395138625987,12754.412733842577,315.5783183777507,481.3635758173393,0.038439147239938555,0.9365328549002019,0.038439147239938555,0.19825072886297376,0.33558248166548904,51,436,0,6,0,0,11,0,33,49,382,0.9279916208431527,0.14064357377150943,1.0,0.0033188971990120997,0.8431372549019608,0.03056063018998237,1.0,0.0015117465288021048,1.0,0.0014735840534736075,,,,,,,,,,full surface
soft_chi_s900_0.1,0.9,softmax,chi_square,0.1,,800,254544.45325985164,0.16020632056806455,0.17885584125021478,0.39856270407291816,1.0571266257449923,479159.1558341447,0.1506429780756782,3344.599073357338,747.9553233224517,608.5793292460597,430.19497596848566,262.99154068017094,1111.254311290977,6020.715620233991,12754.412733842577,485.1556040608778,681.8450714466511,0.0584828790181588,0.8732899753307917,0.0584828790181588,0.19825072886297376,0.33558248166548904,51,436,0,5,0,0,0,0,0,38,179,0.8583398795496203,0.17314267641574618,0.9215686274509803,0.018882569465422785,0.7254901960784313,0.06262011040521544,1.0,0.005875865398993114,0.9954128440366973,0.00474683937010278,,,,,,,,,,full surface
soft_chi_s900_0.3,0.9,softmax,chi_square,0.3,,800,350622.3388036785,0.2206762476625785,0.15086412563468646,0.17545331488228277,0.8149147068183009,479159.1558341447,0.12748466633019737,4576.622640482608,944.5646937800554,831.890064657984,621.9236888756529,411.89368191692296,1111.254311290977,8609.199703460374,12754.412733842577,742.888337998823,968.2740952318914,0.09936045347371324,0.7551020408163265,0.09936045347371324,0.19825072886297376,0.33558248166548904,51,436,0,3,0,0,0,0,0,1,4,0.7407698350353495,0.21327855494226464,0.7352941176470589,0.07440023455147826,0.6274509803921569,0.09283246291829611,0.9803921568627451,0.020795400203184905,0.8738532110091743,0.03659481122366527,,,,,,,,,,full surface
soft_chi_s900_1,0.9,softmax,chi_square,1.0,,800,433108.2087193784,0.27259157148446517,0.13155955985771137,0.05106019214112783,0.6829141398486333,479159.1558341447,0.11117967565821331,6072.946895476893,1171.6544430510617,1007.0138213798625,757.1088477730962,571.1054986589368,1111.254311290977,11295.882000773348,12754.412733842577,1026.6080659092006,1270.1378992546167,0.16837042117413228,0.5613366225611124,0.16837042117413228,0.19825072886297376,0.33558248166548904,51,436,0,0,0,0,0,0,0,0,0,0.548572924849437,0.28601216705596827,0.5196078431372549,0.1775792346090198,0.5490196078431373,0.13081207605403863,0.9019607843137255,0.04808107898810574,0.6444954128440367,0.07795352623041872,,,,,,,,,,full surface
soft_chi_s900_3,0.9,softmax,chi_square,3.0,,800,465830.8608916248,0.2931866999054821,0.1241778769022441,0.01303633696487649,0.6467157647253178,479159.1558341447,0.10427415705830861,6738.389185596648,1268.746338001879,1085.5814719365578,811.9342766172142,602.9884654130306,1111.254311290977,12249.531610265973,12754.412733842577,1185.2447447341692,1355.2622456805036,0.2332473596880598,0.40278089257681093,0.2332473596880598,0.19825072886297376,0.33558248166548904,51,436,0,0,0,0,0,0,0,0,0,0.38256087981146897,0.3613907117918269,0.37254901960784315,0.27036135597666644,0.5490196078431373,0.15221431626909818,0.7843137254901961,0.07010495122873381,0.5252293577981652,0.09708183619055348,,,,,,,,,,full surface
soft_chi_s964_0,0.964,softmax,chi_square,0.0,,800,244978.72053720415,0.15418579714511474,0.17855728923756217,1.7669457372144237,3.660486932235758,778147.5341503691,0.0911024293189985,3393.0482916829596,594.1873200432392,578.4436806038867,419.7090696302251,264.73359154667787,1822.136894334874,6590.586400786243,19640.00594027502,670.8436632342836,732.3682979906952,0.03496715494373919,0.9488674590715407,0.03496715494373919,0.17515137923301188,0.3553807254847058,51,436,0,7,0,0,0,0,30,51,436,0.9408222047656455,0.15406735508214497,0.9901960784313726,0.01123484687840063,0.9803921568627451,0.007919042317073426,1.0,0.0006484835605668156,1.0,0.000882647478588074,,,,,,,,,,full surface
soft_chi_s964_0.01,0.964,softmax,chi_square,0.01,,800,314416.3871578672,0.19788878472022425,0.15060913134421272,1.2364603625850958,2.8071576815554544,778147.5341503691,0.08129910237007604,3988.3321986491455,601.5424101437269,743.1000647363272,552.420629929725,352.77884780245085,1822.136894334874,7746.838797617831,19640.00594027502,778.3674477736073,869.1272826130116,0.037566294129775385,0.9428122897510652,0.037566294129775385,0.17515137923301188,0.3553807254847058,51,436,0,6,0,0,0,0,0,50,380,0.9347996857816182,0.1579773352282923,0.9901960784313726,0.0109692840017737,0.9019607843137255,0.020477826844774994,1.0,0.0011368652326150354,1.0,0.0012480555077424656,,,,,,,,,,full surface
soft_chi_s964_0.03,0.964,softmax,chi_square,0.03,,800,392036.00754287775,0.24674136676049388,0.12909675059841902,0.8548284523245654,2.2089019515753807,778147.5341503691,0.07072046035715343,4731.834105050711,615.6810725762926,910.4693442315549,696.2369016674456,462.3738689024811,1822.136894334874,9626.051882857457,19640.00594027502,951.0579676664637,1068.97996560157,0.04446848879259867,0.9230769230769231,0.04446848879259867,0.17515137923301188,0.3553807254847058,51,436,0,5,0,0,0,0,0,39,213,0.9135899450117831,0.16750976138973037,0.9803921568627451,0.012739902960534125,0.7843137254901961,0.0423621986999508,1.0,0.0020215994251510548,1.0,0.001638762020914057,,,,,,,,,,full surface
soft_chi_s964_0.1,0.964,softmax,chi_square,0.1,,800,525450.9437078121,0.33071065290316926,0.10323076828255474,0.43485086537864776,1.5468063695982979,778147.5341503691,0.05709703586678414,6374.7330531419575,668.5708432754877,1242.3398038520463,931.1827089871485,620.2836044313817,1822.136894334874,13112.229622055753,19640.00594027502,1331.3730657521521,1471.9754617626384,0.06877016784386918,0.8537788741870375,0.06877016784386918,0.17515137923301188,0.3553807254847058,51,436,0,4,0,0,0,0,0,3,11,0.8363445928253469,0.19860438221205645,0.9117647058823529,0.03246121631777899,0.7058823529411765,0.07628959433862949,1.0,0.007702456148626114,0.9931192660550459,0.006303059705196548,,,,,,,,,,full surface
soft_chi_s964_0.3,0.964,softmax,chi_square,0.3,,800,649729.9399781474,0.4089299205453411,0.08492643724561869,0.18312798638228914,1.1463334826363771,778147.5341503691,0.04707381498265106,8163.601858949222,925.4707069268893,1527.6868009739833,1198.1680895477293,725.4048179370421,1822.136894334874,16480.966018077925,19640.00594027502,1676.2106253117772,1893.759570237949,0.11444662128373342,0.7232563355012335,0.11444662128373342,0.17515137923301188,0.3553807254847058,51,436,0,3,0,0,0,0,0,0,0,0.7067295103430218,0.24202468603037286,0.7156862745098039,0.0826217116460362,0.6078431372549019,0.10594272919174255,0.9803921568627451,0.02539738842867703,0.8532110091743119,0.04298626722317366,,,,,,,,,,full surface
soft_chi_s964_1,0.964,softmax,chi_square,1.0,,800,738983.674196591,0.46510483291516463,0.07367996403505533,0.05232550064104754,0.939183327616406,778147.5341503691,0.04043165082060968,10119.802552216875,1117.413886562857,1723.7070837046058,1360.4584584192025,812.0763759167129,1822.136894334874,18672.64016723919,19640.00594027502,1889.5465746494215,2127.7188840647295,0.1872640494096895,0.5283695895940794,0.1872640494096895,0.17515137923301188,0.3553807254847058,51,436,0,0,0,0,0,0,0,0,0,0.5184603299293009,0.31714190270983134,0.5,0.19952283418973293,0.5490196078431373,0.14381137116475032,0.803921568627451,0.05508965551415788,0.5871559633027523,0.0869924761102899,,,,,,,,,,full surface
soft_chi_s964_3,0.964,softmax,chi_square,3.0,,800,769036.6427039693,0.4840197039526409,0.07001593545007442,0.012941987156805447,0.8785266805701714,778147.5341503691,0.037668079890019406,10981.338555309552,1208.3901287829426,1797.1223486197,1414.2234262664301,832.7730751060529,1822.136894334874,19362.180700246816,19640.00594027502,1958.99120663494,2187.113151879694,0.25404760106942015,0.3738506391567616,0.25404760106942015,0.17515137923301188,0.3553807254847058,51,436,0,0,0,0,0,0,0,0,0,0.35847080387536007,0.3952061361715074,0.37254901960784315,0.2911993407036798,0.5098039215686274,0.16450477749289993,0.7254901960784313,0.07873787139773614,0.4518348623853211,0.10656132164847308,,,,,,,,,,full surface
hold_proj_chi_s050_0.1,0.5,projection,chi_square,0.1,0.0,800,23568.93357509049,0.014833920281593206,0.6090963615974747,0.2375164342288242,0.2375164342288242,36287.945780887014,0.6002044812621189,427.90695531336144,205.80087146172187,53.06068929411495,41.43873326737426,28.585322415714263,79.51429776629136,630.7407793581925,1020.1338677911739,59.25662206252881,70.01888318007528,0.021474615784312208,0.9632744603308102,0.021474615784312208,0.3218390804597701,0.2141608858467934,51,436,10,47,169,395,426,0,0,11,30,0.9582922824302135,0.07741023070799774,0.9764705882352941,0.006464596182864943,0.9574468085106383,0.013435501129139184,1.0,0.007522048310655766,1.0,0.00277942502280522,0.6165919282511211,0.12845933152962818,0.3015695067264574,0.2186840752941625,0.624031007751938,0.6470588235294118,0.75,1.0,0.5111111111111111,holdout fold 0
hold_proj_s050_0,0.5,projection,record,0.0,0.0,800,14068.314902166763,0.008854378628978348,0.6748688944701181,0.7105450583027083,0.7105450583027083,36287.945780887014,0.6620865324070074,306.91569398122147,203.24571695190994,35.1010920471239,21.04981602894922,10.728692941812184,79.51429776629136,422.6748353336273,1020.1338677911739,29.357364414362088,50.01013435399666,0.014549191849707205,0.976731146621811,0.014549191849707205,0.3218390804597701,0.2141608858467934,51,436,25,50,334,411,428,0,22,47,316,0.9727422003284072,0.06002790475412525,1.0,0.0009216957361754225,1.0,0.0007431845521653551,1.0,0.0023031303747035295,1.0,0.001324178638461782,0.6334080717488789,0.12961116398944852,0.3015695067264574,0.2186840752941625,0.6421188630490956,0.7058823529411765,0.75,1.0,0.5111111111111111,holdout fold 0
hold_soft_chi_s050_0,0.5,softmax,chi_square,0.0,0.0,800,16727.336959100998,0.010527925762279604,0.6266350512644699,0.6074510345528258,0.6074510345528258,36287.945780887014,0.614840105760794,312.7548497946517,210.0684067962137,41.43384110336903,25.039706228705306,14.835221816680114,79.51429776629136,458.8833848036279,1020.1338677911739,34.13624802907777,51.51714220423519,0.014944390115688827,0.976731146621811,0.014944390115688827,0.3218390804597701,0.2141608858467934,51,436,23,49,301,409,428,0,5,38,230,0.9727422003284072,0.06583164785110901,1.0,0.0008461374422417891,1.0,0.0008571667991912279,1.0,0.002863813630455138,1.0,0.0013519999633466084,0.6076233183856502,0.1355145032895549,0.3015695067264574,0.2186840752941625,0.6188630490956072,0.7058823529411765,0.75,1.0,0.45555555555555555,holdout fold 0
hold_soft_chi_s050_0.01,0.5,softmax,chi_square,0.01,0.0,800,20791.22501447417,0.013085673708518323,0.614707544133973,0.35480691923789326,0.35480691923789326,36287.945780887014,0.6055355042263542,363.0856466252836,212.04447371432283,47.812571169625876,34.59255206446412,19.27621446718505,79.51429776629136,587.3776599690106,1020.1338677911739,52.92266005934346,65.93848638929565,0.015875291838962084,0.9753294084664984,0.015875291838962084,0.3218390804597701,0.2141608858467934,51,436,12,48,254,401,427,0,0,17,102,0.9711001642036124,0.057908263749639755,1.0,0.0009476483623031853,1.0,0.0008248558157019657,1.0,0.0033864732143424727,1.0,0.0012581944919915456,0.6345291479820628,0.12635524402059228,0.3015695067264574,0.2186840752941625,0.6472868217054264,0.6470588235294118,0.75,1.0,0.4888888888888889,holdout fold 0
hold_soft_chi_s050_0.03,0.5,softmax,chi_square,0.03,0.0,800,22726.756989133974,0.014303867434725892,0.6041291411064837,0.26427444797098426,0.26427444797098426,36287.945780887014,0.5958478775616821,405.54942422185184,216.3412106232303,51.34310067065951,38.388539897116225,23.039663988261175,79.51429776629136,629.0479514392874,1020.1338677911739,59.78551285729963,71.99926956430939,0.017571246180941066,0.9725259321558732,0.017571246180941066,0.3218390804597701,0.2141608858467934,51,436,9,47,199,396,426,0,0,5,31,0.967816091954023,0.05590181896922297,1.0,0.0014987085393561898,1.0,0.0039487933630715615,1.0,0.0040067062713880245,1.0,0.0014036350601609507,0.6311659192825112,0.12420369896312583,0.3015695067264574,0.2186840752941625,0.6395348837209303,0.5882352941176471,0.75,1.0,0.5333333333333333,holdout fold 0
hold_soft_chi_s050_0.1,0.5,softmax,chi_square,0.1,0.0,800,25682.14975261553,0.016163945681991882,0.583488575855735,0.1767713286656246,0.1767713286656246,36287.945780887014,0.5758770924501153,453.5137058351729,225.10012589953087,57.83173320888035,45.047712963211026,30.800872586590515,79.51429776629136,677.7965862187091,1020.1338677911739,64.82861475334273,74.90211446813306,0.022777697706721448,0.959349593495935,0.022777697706721448,0.3218390804597701,0.2141608858467934,51,436,4,47,106,388,424,0,0,1,1,0.9536945812807882,0.08266370928057856,0.9882352941176471,0.007560976054496109,0.9574468085106383,0.015651204836656905,1.0,0.005778324000171009,0.9971098265895953,0.0022532137971088113,0.6154708520179372,0.12631262857477,0.3015695067264574,0.2186840752941625,0.624031007751938,0.47058823529411764,0.75,1.0,0.5333333333333333,holdout fold 0
hold_soft_chi_s050_1,0.5,softmax,chi_square,1.0,0.0,800,33419.388493167084,0.02103364342675103,0.5322107644064542,0.03735855134369811,0.03735855134369811,36287.945780887014,0.5253451561049537,595.9880129951563,264.7514400453827,73.24407693424646,58.95151537042696,48.046316093895676,79.51429776629136,921.9540051998154,1020.1338677911739,93.37235465313229,101.42479233012719,0.07238082540605373,0.7821698906644239,0.07238082540605373,0.3218390804597701,0.2141608858467934,51,436,1,44,4,349,419,0,0,0,0,0.780623973727422,0.12834520198007637,0.6941176470588235,0.0850091493288015,0.8297872340425532,0.05871677233864539,1.0,0.021369998231979246,0.7832369942196532,0.05464144531075015,0.5011210762331838,0.1505357215177555,0.3015695067264574,0.2186840752941625,0.49870801033591733,0.29411764705882354,0.75,1.0,0.5111111111111111,holdout fold 0
hold_soft_chi_s700_0,0.7,softmax,chi_square,0.0,0.0,800,27764.35876942237,0.017474455657613835,0.47404812328395535,0.9081357810659662,0.8129591502977692,96033.83015669475,0.45251523451552644,520.6599045644085,294.4624154720987,70.53280125358631,39.614131545677466,16.083388898681168,215.2259613958263,764.40173906485,2696.8976063947944,55.09785143284976,86.76791947370774,0.017886561279664318,0.9733669750490609,0.017886561279664318,0.2708158116063919,0.27478082106146723,51,436,1,45,99,337,418,4,105,51,417,0.9688013136288999,0.08369075658847985,1.0,0.0010116313885680666,1.0,0.0009515382106717049,1.0,0.0026518164691414566,1.0,0.0013271024218444412,0.5829596412556054,0.15231128302688543,0.24103139013452915,0.2793807044267542,0.58656330749354,0.7058823529411765,0.75,1.0,0.4888888888888889,holdout fold 0
hold_soft_chi_s700_0.01,0.7,softmax,chi_square,0.01,0.0,800,37349.81149648595,0.023507390544685633,0.44951936731773134,0.5692424597052147,0.5376260571401656,96033.83015669475,0.4327963240736482,635.8301168196441,307.48015826846625,89.920913445937,59.511989760116634,28.43627210379507,215.2259613958263,1013.5659218243137,2696.8976063947944,80.50054638852244,115.29803091975718,0.020178148295235388,0.9708438463694982,0.020178148295235388,0.2708158116063919,0.27478082106146723,51,436,0,40,20,277,409,0,8,51,387,0.9658456486042692,0.07843576308825195,1.0,0.0010402716395502523,1.0,0.0013422740864629966,1.0,0.0036188401262819024,1.0,0.0013021217416926774,0.6042600896860987,0.14656027392450685,0.24103139013452915,0.2793807044267542,0.6007751937984496,0.7058823529411765,0.75,1.0,0.5777777777777777,holdout fold 0
hold_soft_chi_s700_0.1,0.7,softmax,chi_square,0.1,0.0,800,54869.81163271935,0.03453420618428084,0.39803037943504926,0.26749109772443513,0.31206221923512073,96033.83015669475,0.3847194839898159,854.975486455493,371.8532970486623,127.39050340419145,92.86450645641949,64.25894164095179,215.2259613958263,1323.2000741066827,2696.8976063947944,113.62137076650207,156.0395784052139,0.032279826867078074,0.9341183067003084,0.032279826867078074,0.2708158116063919,0.27478082106146723,51,436,0,28,0,77,386,0,0,28,134,0.9251231527093596,0.11374770866118872,0.9764705882352941,0.010587406159795738,0.8936170212765957,0.02956481320871083,1.0,0.009311118201275254,1.0,0.0020218758044452394,0.5280269058295964,0.15538319681953347,0.24103139013452915,0.2793807044267542,0.5271317829457365,0.35294117647058826,0.75,1.0,0.5222222222222223,holdout fold 0
hold_soft_chi_s900_0,0.9,softmax,chi_square,0.0,0.0,800,105442.51637726229,0.06636388011564454,0.2601745477872205,1.3639992988929117,2.1293925512068452,479159.1558341447,0.20802365973959083,1698.177459518572,564.7525375023769,260.40314131760954,155.2593737011573,72.83145059621285,1111.254311290977,2835.190015064345,12754.412733842577,235.09148485094448,317.7434497967656,0.03028325538435113,0.959349593495935,0.03028325538435113,0.20521446593776282,0.33469260236114734,51,436,0,8,0,3,118,25,261,50,433,0.9523809523809523,0.1305744693736802,1.0,0.0009341394645089511,1.0,0.000662761292230721,1.0,0.003544588628324295,1.0,0.0012471552232913938,0.5605381165919282,0.17648970721304325,0.17040358744394618,0.33914100126031727,0.5426356589147286,0.5294117647058824,0.75,1.0,0.6777777777777778,holdout fold 0
hold_soft_chi_s900_0.01,0.9,softmax,chi_square,0.01,0.0,800,144402.7830970582,0.09088486613436994,0.22856097376272033,0.9262035488197865,1.638327528269516,479159.1558341447,0.1884513255628735,2102.376849746443,584.9846171990109,343.689365783182,228.64046851486052,113.09276230286791,1111.254311290977,3478.7348030587086,12754.412733842577,280.5966455100394,402.83128561340345,0.03259399510538276,0.9540229885057471,0.03259399510538276,0.20521446593776282,0.33469260236114734,51,436,0,5,0,0,23,5,72,50,424,0.9461412151067323,0.13416556636112748,1.0,0.0008788849121498849,1.0,0.003511061720034409,1.0,0.005812128896492289,1.0,0.0014129810686565538,0.5493273542600897,0.17848130771042336,0.17040358744394618,0.33914100126031727,0.5297157622739018,0.5882352941176471,0.75,1.0,0.6666666666666666,holdout fold 0
hold_soft_chi_s900_0.1,0.9,softmax,chi_square,0.1,0.0,800,263923.63584091334,0.166109432232863,0.1741534095911204,0.36966861396027,1.0307475572269051,479159.1558341447,0.14598981217532306,3564.0475532792816,713.3643042269874,628.8049771196727,451.1045540072996,270.73269033249005,1111.254311290977,6381.88578318193,12754.412733842577,537.6809887670555,698.5330142472742,0.05569119169219377,0.8867395570507429,0.05569119169219377,0.20521446593776282,0.33469260236114734,51,436,0,5,0,0,0,0,0,28,142,0.8725779967159277,0.1775991597723298,0.9411764705882353,0.027758164505529575,0.7659574468085106,0.049918525780433966,1.0,0.01465615525298069,1.0,0.002509976082818235,0.4405829596412556,0.20082749301556505,0.17040358744394618,0.33914100126031727,0.4354005167958656,0.4117647058823529,0.75,1.0,0.43333333333333335,holdout fold 0
hold_soft_chi_s964_0,0.964,softmax,chi_square,0.0,0.0,800,265093.1402136132,0.16684550009856994,0.17011223236045767,1.596066649754851,3.4116059605981004,778147.5341503691,0.08451223656049302,3663.349118259142,549.1711019974844,630.7699913442052,448.173169395144,259.0904712325555,1822.136894334874,6696.522629524666,19640.00594027502,677.8352549025633,756.2613924652985,0.03487124568538665,0.9503784693019344,0.03487124568538665,0.18194561255957387,0.3544390162783726,51,436,0,5,0,0,0,0,13,50,434,0.942200328407225,0.16202302619148096,0.9882352941176471,0.013003782618213128,1.0,0.0010783377242736696,1.0,0.0044212675509663815,1.0,0.0012295996395899856,0.515695067264574,0.19521015734766778,0.14798206278026907,0.359146506582229,0.4909560723514212,0.5294117647058824,0.75,1.0,0.6777777777777778,holdout fold 0
hold_soft_chi_s964_0.1,0.964,softmax,chi_square,0.1,0.0,800,537544.4415272847,0.3383221123698494,0.10136978985675887,0.4065862798879268,1.5047180973349503,778147.5341503691,0.05521570918827703,6537.908878462918,685.5263972228977,1263.5875698118825,948.6063262451016,610.219551023914,1822.136894334874,13816.767238945999,19640.00594027502,1396.9392601304314,1560.0960893689166,0.06490819776361657,0.864592094196804,0.06490819776361657,0.18194561255957387,0.3544390162783726,51,436,0,4,0,0,0,0,0,2,8,0.8482758620689655,0.20563634722031796,0.9294117647058824,0.03199191309857253,0.7021276595744681,0.06150536422792135,1.0,0.01696291142421953,0.9971098265895953,0.0027938031497832367,0.4147982062780269,0.22341870215389847,0.14798206278026907,0.359146506582229,0.4069767441860465,0.4117647058823529,0.75,1.0,0.4222222222222222,holdout fold 0
hold_soft_chi_s964_1,0.964,softmax,chi_square,1.0,0.0,800,737536.999613885,0.46419431842943715,0.07381081774592314,0.05403294209925378,0.9425907382828761,778147.5341503691,0.04034029077178891,10119.037896085352,1127.939735939184,1719.826342736618,1362.2481280325796,813.0231988903405,1822.136894334874,18731.46980262777,19640.00594027502,1896.5788063295702,2136.0341533865026,0.17951241085516115,0.5578917858144099,0.17951241085516115,0.18194561255957387,0.3544390162783726,51,436,0,0,0,0,0,0,0,0,0,0.5435139573070608,0.3102121546036473,0.5176470588235295,0.19673703984862967,0.5531914893617021,0.13114617346969965,0.8181818181818182,0.055188119186493384,0.661849710982659,0.07337651583094336,0.2937219730941704,0.2709106147054153,0.14798206278026907,0.359146506582229,0.2842377260981912,0.4117647058823529,0.5,0.8571428571428571,0.3,holdout fold 0
