problem,records,targets,epochs,lambda,mass,parametrization,loss,loss_cap_binds,chi_square_distance,objective,reference_loss,reference_chi_square_distance,reference_objective,kish_ess,mass_ratio,excess_objective
small_s0_0.7,120,6,1500,0.0,conserve,projection,0.008540794278562094,False,3.8182132950731003,0.008540794278562094,4.3760746676470124e-11,0.16134217865668185,4.3760746676470124e-11,12.760767666844501,1.0,0.008540794234801348
small_s0_0.7,120,6,1500,0.0,conserve,softmax,0.002050922215809491,False,0.17534594811111706,0.002050922215809491,4.3760746676470124e-11,0.16134217865668185,4.3760746676470124e-11,63.52128539677497,1.0,0.0020509221720487443
small_s0_0.7,120,6,1500,0.0,free,projection,0.0003928258565675943,False,0.18013338481695507,0.0003928258565675943,1.4348182141692837e-11,0.3554798027435732,1.4348182141692837e-11,68.10589875810723,1.0967743407690267,0.0003928258422194121
small_s0_0.7,120,6,1500,0.001,conserve,projection,0.0003691701026822876,False,1.8835771380780673,0.0022527472407603546,1.8429526033535365e-11,0.1292400486601785,0.0001292400670897045,22.096712634395747,1.0,0.00212350717367065
small_s0_0.7,120,6,1500,0.001,conserve,softmax,0.0018460693935918808,False,0.17041820359792456,0.0020164875971898054,1.8429526033535365e-11,0.1292400486601785,0.0001292400670897045,64.20551107110425,1.0,0.0018872475301001009
small_s0_0.7,120,6,1500,0.001,free,projection,0.0010608714974512108,False,0.15633355306251173,0.0012172050505137224,5.508154231594142e-13,0.11094366897479559,0.00011094366952561102,68.40313556362541,1.079533058594702,0.0011062613809881114
small_s0_0.7,120,6,1500,0.01,conserve,projection,0.0011768959654250809,False,1.253055201571848,0.01370744798114356,1.9521291050205775e-12,0.1292378809902731,0.00129237881185486,30.889169325799436,1.0,0.0124150691692887
small_s0_0.7,120,6,1500,0.01,conserve,softmax,0.0014971980630588513,False,0.14108581360448597,0.002908056199103711,1.9521291050205775e-12,0.1292378809902731,0.00129237881185486,67.97373594230321,1.0,0.0016156773872488509
small_s0_0.7,120,6,1500,0.01,free,projection,0.0031116338193454165,False,0.1222701275178704,0.004334335094524121,7.4817513137853e-12,0.11094364652059421,0.0011094364726876936,70.32942461913838,1.0608262349929918,0.0032248986218364273
small_s0_0.7,120,6,1500,0.1,conserve,projection,0.02597721274671512,False,2.3811934511492208,0.2640965578616372,1.0462030299192253e-11,0.12923785179041272,0.012923785189503304,28.031985342642677,1.0,0.2511727726721339
small_s0_0.7,120,6,1500,0.1,conserve,softmax,0.0009447842300182211,False,0.12951330348327836,0.013896114578346056,1.0462030299192253e-11,0.12923785179041272,0.012923785189503304,69.9056174248182,1.0,0.0009723293888427523
small_s0_0.7,120,6,1500,0.1,free,projection,0.001521709610819077,False,0.11121046817425416,0.012642756428244493,1.2426827182307944e-12,0.11094360391652938,0.011094360392895622,72.16345590921517,1.0627524041181409,0.001548396035348872
small_s0_0.7,120,6,1500,1.0,conserve,projection,0.07106428115399967,False,0.045656513811222196,0.11672079496522186,0.050203941389215294,0.04805675235586592,0.09826069374508122,73.02897250430549,1.0,0.01846010122014065
small_s0_0.7,120,6,1500,1.0,conserve,softmax,0.05192238813877514,False,0.04843583185097961,0.10035821998975475,0.050203941389215294,0.04805675235586592,0.09826069374508122,73.79523051455641,1.0,0.0020975262446735338
small_s0_0.7,120,6,1500,1.0,free,projection,0.04791530530029614,False,0.04883032660680613,0.09674563190710228,0.04642302393533368,0.04912790300167982,0.0955509269370135,74.50617313046664,1.0353708341709444,0.001194704970088778
small_s0_1.02,120,6,1500,0.0,conserve,projection,0.0018375699845194105,False,0.5415223993210648,0.0018375699845194105,4.293503075538469e-11,0.14374956612506784,4.293503075538469e-11,73.7244274417237,1.0,0.0018375699415843797
small_s0_1.02,120,6,1500,0.0,conserve,softmax,0.0012804197348991757,False,0.1526872272727411,0.0012804197348991757,4.293503075538469e-11,0.14374956612506784,4.293503075538469e-11,63.11983600441826,1.0,0.001280419691964145
small_s0_1.02,120,6,1500,0.0,free,projection,0.0003457845785948058,False,0.05543705104159892,0.0003457845785948058,1.3958363880027356e-11,0.2695775929206455,1.3958363880027356e-11,76.63059517962911,1.1751468487117387,0.00034578456463644195
small_s0_1.02,120,6,1500,0.001,conserve,projection,0.0011158480913661432,False,0.5211791599435246,0.0016370272513096678,8.058592492053366e-12,0.11745009736122067,0.00011745010541981316,73.54216504297226,1.0,0.0015195771458898547
small_s0_1.02,120,6,1500,0.001,conserve,softmax,0.001066375947885338,False,0.14282285927372598,0.0012091988071590638,8.058592492053366e-12,0.11745009736122067,0.00011745010541981316,64.21023201144683,1.0,0.0010917487017392507
small_s0_1.02,120,6,1500,0.001,free,projection,0.0013857416277267755,False,0.04883508460981241,0.0014345767123365878,8.702443816839396e-12,0.03992168203433471,3.9921690736778524e-05,76.34441667355769,1.1631455185060198,0.0013946550215998093
small_s0_1.02,120,6,1500,0.01,conserve,projection,0.0012505406706352043,False,0.6297087117304072,0.007547627787939277,8.454640138551265e-11,0.11745009744731659,0.0011745010590195673,71.15238260952347,1.0,0.006373126728919709
small_s0_1.02,120,6,1500,0.01,conserve,softmax,0.001546700568553207,False,0.12031831999013323,0.0027498837684545394,8.454640138551265e-11,0.11745009744731659,0.0011745010590195673,68.0738589751026,1.0,0.001575382709434972
small_s0_1.02,120,6,1500,0.01,free,projection,0.0013582075946623222,False,0.04090708632977531,0.0017672784579600754,6.3812760656664e-13,0.03992168203175632,0.00039921682095569083,76.16021847566128,1.141515580235515,0.0013680616370043846
small_s0_1.02,120,6,1500,0.1,conserve,projection,0.0015786913226158033,False,1.022001455110817,0.1037788368336975,2.9475398040585666e-11,0.1174500973833149,0.011745009767806888,41.17047616432219,1.0,0.09203382706589061
small_s0_1.02,120,6,1500,0.1,conserve,softmax,0.0013873944266608116,False,0.11663998046005744,0.013051392472666555,2.9475398040585666e-11,0.1174500973833149,0.011745009767806888,69.46743350517843,1.0,0.0013063827048596672
small_s0_1.02,120,6,1500,0.1,free,projection,0.0022327114514802387,False,0.0397303326469016,0.006205744716170399,1.6108981949570847e-11,0.03992168203222041,0.003992168219331023,76.32957323115954,1.1360993879556192,0.002213576496839376
small_s0_1.02,120,6,1500,1.0,conserve,projection,0.14316715967670066,False,3.312649881490831e-08,0.14316719280319948,0.050483508881088546,0.043714986622907535,0.09419849550399609,77.54929403510215,1.0,0.04896869729920339
small_s0_1.02,120,6,1500,1.0,conserve,softmax,0.051455624508399654,False,0.04294714787395123,0.09440277238235088,0.050483508881088546,0.043714986622907535,0.09419849550399609,73.75215417142441,1.0,0.0002042768783547949
small_s0_1.02,120,6,1500,1.0,free,projection,0.005626278506697808,False,0.036559973074418696,0.0421862515811165,4.674457878305241e-09,0.03992167778835702,0.0399216824628149,76.67805444913515,1.1327587824792933,0.0022645691183016056
small_s1_0.7,120,6,1500,0.0,conserve,projection,0.0021716566739748027,False,1.2946458744379516,0.0021716566739748027,4.041254823707151e-11,0.16621510706088788,4.041254823707151e-11,35.231308251359415,1.0,0.0021716566335622544
small_s1_0.7,120,6,1500,0.0,conserve,softmax,0.0008967204227769825,False,0.17533407423780434,0.0008967204227769825,4.041254823707151e-11,0.16621510706088788,4.041254823707151e-11,50.938768433544375,1.0,0.0008967203823644343
small_s1_0.7,120,6,1500,0.0,free,projection,0.0003885315032806235,False,0.19193650811789476,0.0003885315032806235,8.674704997146188e-10,0.4940179399885697,8.674704997146188e-10,43.589100751219426,1.1410328925607571,0.0003885306358101238
small_s1_0.7,120,6,1500,0.001,conserve,projection,0.0008127200166154706,False,1.0568979166769992,0.0018696179332924698,1.9628152731595738e-13,0.12647938688409305,0.00012647938708037457,35.93390572686797,1.0,0.0017431385462120953
small_s1_0.7,120,6,1500,0.001,conserve,softmax,0.0019518522759853895,False,0.16320225512223913,0.0021150545311076287,1.9628152731595738e-13,0.12647938688409305,0.00012647938708037457,51.23001068378648,1.0,0.001988575144027254
small_s1_0.7,120,6,1500,0.001,free,projection,0.0009559390161845713,False,0.15556788421952109,0.0011115069004040924,1.0814815869774686e-10,0.10876514459576873,0.00010876525274392744,47.63834803002557,1.1056101234539237,0.001002741647660165
small_s1_0.7,120,6,1500,0.01,conserve,projection,0.0012190248688895083,False,0.7639747121583891,0.0088587719904734,2.0133633063268905e-12,0.12647938688064597,0.0012647938708198229,33.79430238276761,1.0,0.0075939781196535765
small_s1_0.7,120,6,1500,0.01,conserve,softmax,0.0010575086875745394,False,0.1340062675528861,0.0023975713631034005,2.0133633063268905e-12,0.12647938688064597,0.0012647938708198229,52.77603588198599,1.0,0.0011327774922835776
small_s1_0.7,120,6,1500,0.01,free,projection,0.0023596750684573725,False,0.1175290419019813,0.0035349654874771855,1.3742742208564503e-11,0.10876379493360704,0.0010876379630788125,51.87216318386569,1.064632336545734,0.002447327524398373
small_s1_0.7,120,6,1500,0.1,conserve,projection,0.02491425011661753,False,1.9869603763915693,0.22361028775577446,2.6664374730103736e-11,0.12647938688490032,0.012647938715154409,19.697114456422646,0.9999999999999998,0.21096234904062006
small_s1_0.7,120,6,1500,0.1,conserve,softmax,0.0021467712351385154,False,0.12488461006923983,0.014635232242062498,2.6664374730103736e-11,0.12647938688490032,0.012647938715154409,53.430798260988304,1.0,0.0019872935269080894
small_s1_0.7,120,6,1500,0.1,free,projection,0.004125622794840195,False,0.10903165307524669,0.015028788102364864,4.118392662624032e-12,0.10876364509215587,0.01087636451333398,53.07137851069064,1.072773711541516,0.004152423589030884
small_s1_0.7,120,6,1500,1.0,conserve,projection,0.1388329195966779,False,0.09216689236026472,0.23099981195694264,0.03630941948071722,0.08122751704897202,0.11753693652968925,53.814248894107,1.0,0.11346287542725339
small_s1_0.7,120,6,1500,1.0,conserve,softmax,0.03799280505326453,False,0.07971327545892971,0.11770608051219425,0.03630941948071722,0.08122751704897202,0.11753693652968925,56.15412767942845,1.0,0.0001691439825050045
small_s1_0.7,120,6,1500,1.0,free,projection,0.02433829307947055,False,0.0825048587853837,0.10684315186485425,0.021388721407586325,0.08439038611518672,0.10577910752277304,54.923156610544744,1.0725249542307769,0.0010640443420812107
small_s1_1.02,120,6,1500,0.0,conserve,projection,0.0011271243710551774,False,0.29636442699527965,0.0011271243710551774,3.412021424202172e-11,0.12367151876007469,3.412021424202172e-11,43.37987881525526,1.0,0.0011271243369349632
small_s1_1.02,120,6,1500,0.0,conserve,softmax,0.0016025588080918404,False,0.12545129139485436,0.0016025588080918404,3.412021424202172e-11,0.12367151876007469,3.412021424202172e-11,58.075164283197,1.0,0.0016025587739716262
small_s1_1.02,120,6,1500,0.0,free,projection,0.0002421634692128579,False,0.06275250296743444,0.0002421634692128579,2.542427295722489e-11,0.3930851248524886,2.542427295722489e-11,54.90287250968043,1.192162836280298,0.00024216344378858495
small_s1_1.02,120,6,1500,0.001,conserve,projection,0.0009819149189350795,False,0.28989624620970006,0.0012718111651447797,1.1714470591701965e-11,0.09024497081378809,9.024498252825868e-05,43.49292430185836,1.0,0.001181566182616521
small_s1_1.02,120,6,1500,0.001,conserve,softmax,0.0008927885609016814,False,0.11439849269343584,0.0010071870535951172,1.1714470591701965e-11,0.09024497081378809,9.024498252825868e-05,58.37740618690157,1.0,0.0009169420710668585
small_s1_1.02,120,6,1500,0.001,free,projection,0.002048307510907402,False,0.05154041952877407,0.002099847930436176,1.237323956018101e-12,0.03921643988270481,3.921644112002877e-05,57.18905458716307,1.1708946082452854,0.0020606314893161473
small_s1_1.02,120,6,1500,0.01,conserve,projection,0.0007195053391827556,False,0.2786377606846121,0.003505882946028877,2.655516582753559e-13,0.09024497044026406,0.0009024497046681922,43.24942963242617,1.0,0.0026034332413606845
small_s1_1.02,120,6,1500,0.01,conserve,softmax,0.00124168591195352,False,0.09567388155470317,0.002198424727500552,2.655516582753559e-13,0.09024497044026406,0.0009024497046681922,59.413240891614166,1.0,0.0012959750228323597
small_s1_1.02,120,6,1500,0.01,free,projection,0.001384799092207323,False,0.04109284006949742,0.0017957274929022973,8.656151546588095e-12,0.03921643988525097,0.0003921644075086612,59.772983792407025,1.1333976774502497,0.0014035630853936362
small_s1_1.02,120,6,1500,0.1,conserve,projection,0.0016054365727808072,False,0.4648941292944997,0.04809484950223078,9.93419107101336e-13,0.0902449704393595,0.009024497044929369,39.87674190051531,1.0,0.03907035245730141
small_s1_1.02,120,6,1500,0.1,conserve,softmax,0.0021179949816208673,False,0.0896312823203604,0.011081123213656908,9.93419107101336e-13,0.0902449704393595,0.009024497044929369,60.09015483753057,1.0,0.0020566261687275395
small_s1_1.02,120,6,1500,0.1,free,projection,0.001768476493219855,False,0.03959694706668814,0.00572817119988867,1.648791842923213e-12,0.03921643988286062,0.003921643989934854,59.964445176218724,1.1275320088940193,0.0018065272099538152
small_s1_1.02,120,6,1500,1.0,conserve,projection,0.14815886451942542,False,1.0353690429347822e-06,0.14815989988846837,0.027284287013242092,0.05424342027990471,0.0815277072931468,61.02578793451359,1.0,0.06663219259532156
small_s1_1.02,120,6,1500,1.0,conserve,softmax,0.030305087373216993,False,0.05156391880306989,0.08186900617628688,0.027284287013242092,0.05424342027990471,0.0815277072931468,62.05494450023501,1.0,0.0003412988831400787
small_s1_1.02,120,6,1500,1.0,free,projection,0.0066754288144299885,False,0.035666084386558876,0.04234151320098886,7.186751779423614e-11,0.03921643984206645,0.03921643991393397,60.094290558573476,1.119894529024751,0.003125073287054893
small_s2_0.7,120,6,1500,0.0,conserve,projection,0.020676316196343934,False,3.388905668085007,0.020676316196343934,2.2138317367330933e-11,0.1198485399379628,2.2138317367330933e-11,24.110540231316087,1.0,0.020676316174205615
small_s2_0.7,120,6,1500,0.0,conserve,softmax,0.0022746408716377378,False,0.13496270941804683,0.0022746408716377378,2.2138317367330933e-11,0.1198485399379628,2.2138317367330933e-11,60.44859368986072,1.0,0.0022746408494994205
small_s2_0.7,120,6,1500,0.0,free,projection,0.0004802666497537491,False,0.14709474487616273,0.0004802666497537491,5.993087901887245e-10,0.45069031945923965,5.993087901887245e-10,61.98619850374893,1.0636678256398524,0.0004802660504449589
small_s2_0.7,120,6,1500,0.001,conserve,projection,0.0012115060456515424,False,0.36477564372472676,0.0015762816893762693,1.2713825679141773e-10,0.0902717080693519,9.02718352076087e-05,55.01271153765787,1.0,0.0014860098541686607
small_s2_0.7,120,6,1500,0.001,conserve,softmax,0.0023510482332694694,False,0.12308280285084919,0.0024741310361203186,1.2713825679141773e-10,0.0902717080693519,9.02718352076087e-05,60.90770957173686,1.0,0.00238385920091271
small_s2_0.7,120,6,1500,0.001,free,projection,0.0022971498995192127,False,0.1212362455563018,0.0024183861450755143,4.669375018374426e-11,0.08945311532675872,8.94531620205089e-05,62.7716592022232,1.0445315683276815,0.0023289329830550056
small_s2_0.7,120,6,1500,0.01,conserve,projection,0.001621476267843809,False,0.22321983887798644,0.0038536746566236735,6.108544452977404e-12,0.09027167390266777,0.0009027167451352222,61.10994500203432,1.0,0.0029509579114884513
small_s2_0.7,120,6,1500,0.01,conserve,softmax,0.0007925130219890533,False,0.09631605106850814,0.0017556735326741347,6.108544452977404e-12,0.09027167390266777,0.0009027167451352222,62.35690600664509,1.0,0.0008529567875389125
small_s2_0.7,120,6,1500,0.01,free,projection,0.001613464971307663,False,0.09703985783502272,0.00258386354965789,3.368785238921487e-11,0.08945310871401997,0.0008945311208280522,62.603591525593764,1.024510023930997,0.001689332428829838
small_s2_0.7,120,6,1500,0.1,conserve,projection,0.0011098925902798186,False,0.7201075299234156,0.07312064558262138,1.365720588626829e-12,0.09027167389838446,0.009027167391204167,52.218079440858276,1.0,0.06409347819141721
small_s2_0.7,120,6,1500,0.1,conserve,softmax,0.0018408632630753739,False,0.09139486922497028,0.010980350185572403,1.365720588626829e-12,0.09027167389838446,0.009027167391204167,62.765074692662026,1.0,0.0019531827943682356
small_s2_0.7,120,6,1500,0.1,free,projection,0.001797244791814533,False,0.09004261708914824,0.010801506500729356,6.5806271373752585e-12,0.08945310865589559,0.008945310872170186,62.74024732733502,1.0137844568216052,0.0018561956285591697
small_s2_0.7,120,6,1500,1.0,conserve,projection,0.028990765118916326,False,0.06812405651392921,0.09711482163284553,0.012114811860994093,0.07735333164663999,0.08946814350763409,64.55845016369247,1.0,0.007646678125211442
small_s2_0.7,120,6,1500,1.0,conserve,softmax,0.013058766260898655,False,0.07718567068760643,0.09024443694850508,0.012114811860994093,0.07735333164663999,0.08946814350763409,63.4659017295983,1.0,0.0007762934408709898
small_s2_0.7,120,6,1500,1.0,free,projection,0.017930375225183735,False,0.07136240747817972,0.08929278270336345,0.016248752078431194,0.07140566747452781,0.08765441955295901,63.55630844125309,1.0284037011953135,0.0016383631504044427
small_s2_1.02,120,6,1500,0.0,conserve,projection,0.0008337324156259566,False,0.1481085339650512,0.0008337324156259566,2.595605681188889e-11,0.08265938374442024,2.595605681188889e-11,48.80753249277532,1.0,0.0008337323896698998
small_s2_1.02,120,6,1500,0.0,conserve,softmax,0.0009868015320514375,False,0.07957228844886496,0.0009868015320514375,2.595605681188889e-11,0.08265938374442024,2.595605681188889e-11,65.43018456934097,1.0,0.0009868015060953807
small_s2_1.02,120,6,1500,0.0,free,projection,0.00041618907179682995,False,0.04900625786448913,0.00041618907179682995,2.921973138104399e-11,0.3686001301786558,2.921973138104399e-11,66.22658250813377,1.1684437883190175,0.00041618904257709855
small_s2_1.02,120,6,1500,0.001,conserve,projection,0.0011892590416718485,False,0.3170785226124211,0.0015063375642842697,9.232680292388314e-11,0.05704116591231834,5.704125823912126e-05,39.866925927993385,1.0,0.0014492963060451483
small_s2_1.02,120,6,1500,0.001,conserve,softmax,0.0012271603381946055,False,0.07577863997776388,0.0013029389781723693,9.232680292388314e-11,0.05704116591231834,5.704125823912126e-05,65.45362087961871,1.0,0.001245897719933248
small_s2_1.02,120,6,1500,0.001,free,projection,0.00100305692015868,False,0.04146948904649796,0.0010445264092051778,2.5973742027800843e-11,0.029025853909641127,2.9025879883383155e-05,66.44227805582331,1.14960524618837,0.0010155005293217946
small_s2_1.02,120,6,1500,0.01,conserve,projection,0.0009201585686570052,False,0.1561782078998261,0.002481940647655266,1.1257404740781918e-10,0.057041165897456954,0.0005704117715486169,59.00309914471684,1.0,0.001911528876106649
small_s2_1.02,120,6,1500,0.01,conserve,softmax,0.0018568078137540516,False,0.06091647101171068,0.0024659725238711586,1.1257404740781918e-10,0.057041165897456954,0.0005704117715486169,65.39780599520432,1.0,0.0018955607523225416
small_s2_1.02,120,6,1500,0.01,free,projection,0.0026621722538332712,False,0.03078119306814602,0.0029699841845147314,9.102588159354622e-12,0.02902585390473384,0.00029025854814992654,66.26490015928592,1.112112801941434,0.0026797256363648046
small_s2_1.02,120,6,1500,0.1,conserve,projection,0.0010484224263556045,False,0.2642195723466595,0.027470379661021553,3.32065059781587e-11,0.057041165857221444,0.005704116618928651,60.057250294658594,1.0,0.021766263042092903
small_s2_1.02,120,6,1500,0.1,conserve,softmax,0.0022290887201308826,False,0.056460129970814135,0.007875101717212295,3.32065059781587e-11,0.057041165857221444,0.005704116618928651,65.32755428908334,0.9999999999999998,0.0021709850982836445
small_s2_1.02,120,6,1500,0.1,free,projection,0.00190871139548209,False,0.029392109384219704,0.004847922333904061,5.152882665232985e-12,0.029025853903599855,0.002902585395512868,66.19098634164094,1.1007660591638924,0.0019453369383911926
small_s2_1.02,120,6,1500,1.0,conserve,projection,0.14547050467073588,False,7.315535136395426e-06,0.14547782020587227,1.2534812752132488e-08,0.05704115410112261,0.05704116663593536,65.32898091224243,1.0,0.08843665356993691
small_s2_1.02,120,6,1500,1.0,conserve,softmax,0.005519085220066712,False,0.052363081404437475,0.05788216662450419,1.2534812752132488e-08,0.05704115410112261,0.05704116663593536,65.46239094512482,1.0,0.000840999988568833
small_s2_1.02,120,6,1500,1.0,free,projection,0.0022752358349429395,False,0.028065728593094145,0.030340964428037083,6.652233750052816e-11,0.02902585388479733,0.029025853951319666,66.12582401057216,1.0962587448178287,0.0013151104767174168
small_s3_0.7,120,6,1500,0.0,conserve,projection,0.23697420171434033,False,3.911734489738279,0.23697420171434033,3.545144866933881e-11,0.10576131134748183,3.545144866933881e-11,15.231240390657646,0.9999999999999998,0.23697420167888888
small_s3_0.7,120,6,1500,0.0,conserve,softmax,0.001225044210221563,False,0.10729798103161564,0.001225044210221563,3.545144866933881e-11,0.10576131134748183,3.545144866933881e-11,67.30125812390719,1.0,0.0012250441747701144
small_s3_0.7,120,6,1500,0.0,free,projection,0.00030366737362770395,False,0.08736100435348272,0.00030366737362770395,5.588035856494953e-11,0.34558353810132697,5.588035856494953e-11,74.0387059033827,1.10912290069801,0.0003036673177473454
small_s3_0.7,120,6,1500,0.001,conserve,projection,0.23664449524869716,False,3.9074710786188804,0.24055196632731604,3.066670587552231e-10,0.0725624284200477,7.256273508710646e-05,15.245005379013943,1.0,0.24047940359222894
small_s3_0.7,120,6,1500,0.001,conserve,softmax,0.0022337574509847563,False,0.1001496895461299,0.002333907140530886,3.066670587552231e-10,0.0725624284200477,7.256273508710646e-05,68.02809009784717,1.0,0.0022613444054437794
small_s3_0.7,120,6,1500,0.001,free,projection,0.0016307781171958332,False,0.07559833072136037,0.0017063764479171935,3.008292465815589e-11,0.048592339165620946,4.8592369248545604e-05,73.9213682417053,1.1018658797842513,0.0016577840786686478
small_s3_0.7,120,6,1500,0.01,conserve,projection,0.21041260386749427,False,3.9774297986307467,0.25018690185380177,1.0472556439143227e-10,0.07256242825450746,0.000725624387270639,15.27169631729018,0.9999999999999998,0.24946127746653113
small_s3_0.7,120,6,1500,0.01,conserve,softmax,0.001320055117379891,False,0.07839924568848848,0.002104047574264776,1.0472556439143227e-10,0.07256242825450746,0.000725624387270639,70.86749568486859,1.0,0.001378423186994137
small_s3_0.7,120,6,1500,0.01,free,projection,0.0018626170610164222,False,0.055195177037850617,0.0024145688313949283,7.865388697969524e-12,0.04859233916217356,0.0004859233994871243,74.39584173517993,1.0912572561149083,0.001928645431907804
small_s3_0.7,120,6,1500,0.1,conserve,projection,0.04222335227276345,False,1.9723825387732885,0.2394616061500923,6.395948801839816e-11,0.07256242824368654,0.007256242888328142,28.27219231096351,1.0,0.23220536326176416
small_s3_0.7,120,6,1500,0.1,conserve,softmax,0.0016415952885822118,False,0.07460029948134904,0.009101625236717115,6.395948801839816e-11,0.07256242824368654,0.007256242888328142,71.54845477490066,0.9999999999999998,0.0018453823483889726
small_s3_0.7,120,6,1500,0.1,free,projection,0.0015605812947317944,False,0.04876343970981325,0.0064369252657131195,4.184257202324659e-12,0.04859233916194686,0.004859233920378943,75.16023786796508,1.0894094055386339,0.0015776913453341762
small_s3_0.7,120,6,1500,1.0,conserve,projection,0.1155315594078088,False,0.05252916336704466,0.16806072277485345,0.023412425644363927,0.04399616651943284,0.06740859216379677,73.942961497681,1.0000000000000002,0.10065213061105668
small_s3_0.7,120,6,1500,1.0,conserve,softmax,0.024185517387743823,False,0.04397008187524774,0.06815559926299156,0.023412425644363927,0.04399616651943284,0.06740859216379677,73.35087145893262,0.9999999999999998,0.0007470070991947853
small_s3_0.7,120,6,1500,1.0,free,projection,0.002072345816658893,False,0.047182555704157345,0.04925490152081624,0.0009416075263897385,0.0476363318180624,0.04857793934445214,75.29953476728728,1.087688617592121,0.0006769621763641001
small_s3_1.02,120,6,1500,0.0,conserve,projection,0.0011267343164276524,False,0.2711683202135785,0.0011267343164276524,3.156230828471225e-11,0.11042142284455159,3.156230828471225e-11,70.4441024932809,1.0,0.001126734284865344
small_s3_1.02,120,6,1500,0.0,conserve,softmax,0.0005494759417959421,False,0.10552589610680109,0.0005494759417959421,3.156230828471225e-11,0.11042142284455159,3.156230828471225e-11,69.05733296766995,0.9999999999999998,0.0005494759102336338
small_s3_1.02,120,6,1500,0.0,free,projection,0.0003784936666352073,False,0.043914206388030924,0.0003784936666352073,1.6069108651719773e-11,0.33842761147727785,1.6069108651719773e-11,77.70010735395846,1.1846255935348624,0.00037849365056609864
small_s3_1.02,120,6,1500,0.001,conserve,projection,0.0011900043943731636,False,0.2149673071977241,0.0014049717015708878,2.1403657951459168e-11,0.07989686758013478,7.989688898379274e-05,68.91120936500182,1.0,0.0013250748125870951
small_s3_1.02,120,6,1500,0.001,conserve,softmax,0.002188174015269702,False,0.09869632352533039,0.0022868703387950323,2.1403657951459168e-11,0.07989686758013478,7.989688898379274e-05,69.45243590715128,1.0,0.0022069734498112396
small_s3_1.02,120,6,1500,0.001,free,projection,0.0026593155555710234,False,0.038268830043440824,0.0026975843856144642,2.7768873079748444e-10,0.030832728539471967,3.083300622820276e-05,77.35213080421045,1.168850332742517,0.0026667513793862613
small_s3_1.02,120,6,1500,0.01,conserve,projection,0.0008838044467573786,False,0.3489761165680459,0.004373565612437838,1.430231212962267e-11,0.07989686757107395,0.0007989686900130516,70.59922051254266,1.0,0.003574596922424786
small_s3_1.02,120,6,1500,0.01,conserve,softmax,0.001344710022698933,False,0.08283187483349518,0.0021730287710338848,1.430231212962267e-11,0.07989686757107395,0.0007989686900130516,70.38279917870115,1.0,0.0013740600810208331
small_s3_1.02,120,6,1500,0.01,free,projection,0.0017767245849021921,False,0.031864222823658674,0.002095366813138779,5.079022470634137e-12,0.030832728418460967,0.00030832728926363215,76.82975548231315,1.1413388417747805,0.0017870395238751469
small_s3_1.02,120,6,1500,0.1,conserve,projection,0.07989256775139854,False,1.3289865181875664,0.21279121957015518,3.6843215524361054e-11,0.07989686758897145,0.007989686795740362,43.33497257248017,1.0000000000000002,0.20480153277441482
small_s3_1.02,120,6,1500,0.1,conserve,softmax,0.003800900042969182,False,0.07618931618182369,0.01141983166115155,3.6843215524361054e-11,0.07989686758897145,0.007989686795740362,70.88759297159227,1.0,0.0034301448654111884
small_s3_1.02,120,6,1500,0.1,free,projection,0.0006851134377498881,False,0.030939609085201988,0.003779074346270087,9.988439343662789e-11,0.030832728442638263,0.00308327294414822,76.626012324,1.1291526375332235,0.0006958014021218673
small_s3_1.02,120,6,1500,1.0,conserve,projection,0.14742883829875522,False,1.6208153585980434e-06,0.14743045911411382,0.0263511168106792,0.04851036092753244,0.07486147773821164,78.1302028435257,1.0,0.07256898137590218
small_s3_1.02,120,6,1500,1.0,conserve,softmax,0.028429555140563292,False,0.04742000756136264,0.07584956270192593,0.0263511168106792,0.04851036092753244,0.07486147773821164,73.66663717677181,1.0000000000000002,0.0009880849637142891
small_s3_1.02,120,6,1500,1.0,free,projection,0.0016227182019366018,False,0.03024739340031626,0.031870111602252865,7.921961523690923e-11,0.03083272838269776,0.030832728461917373,76.65695691843149,1.1279656984913429,0.0010373831403354926
small_s4_0.7,120,6,1500,0.0,conserve,projection,0.0010250599811287785,False,0.5232759330803355,0.0010250599811287785,3.1094370558016347e-11,0.17759292285382638,3.1094370558016347e-11,58.03997038439878,1.0,0.001025059950034408
small_s4_0.7,120,6,1500,0.0,conserve,softmax,0.0009606989306886493,False,0.19355094912016324,0.0009606989306886493,3.1094370558016347e-11,0.17759292285382638,3.1094370558016347e-11,64.0350672362276,1.0,0.0009606988995942787
small_s4_0.7,120,6,1500,0.0,free,projection,0.00034303398225543706,False,0.14376970779570425,0.00034303398225543706,1.110919462941994e-11,0.428882480175821,1.110919462941994e-11,66.50380962877166,1.2572713929882096,0.00034303397114624244
small_s4_0.7,120,6,1500,0.001,conserve,projection,0.0014139515182125216,False,0.41176089960198026,0.001825712417814502,6.539206042522264e-11,0.15312331973778187,0.0001531233851298423,57.22896596859604,1.0,0.0016725890326846596
small_s4_0.7,120,6,1500,0.001,conserve,softmax,0.0007291033814104244,False,0.18444610991677685,0.0009135494913272013,6.539206042522264e-11,0.15312331973778187,0.0001531233851298423,64.04371549925004,1.0,0.000760426106197359
small_s4_0.7,120,6,1500,0.001,free,projection,0.002264082744994838,False,0.12444233454548738,0.0023885250795403256,1.3042296160246994e-11,0.08587717798984669,8.587719103214285e-05,66.50569565091672,1.2337277944390652,0.0023026478885081825
small_s4_0.7,120,6,1500,0.01,conserve,projection,0.005027456776062083,False,0.4043750763586399,0.009071207539648483,7.846576822775956e-11,0.15312212350680487,0.001531221313533817,60.82681371227444,1.0000000000000002,0.007539986226114666
small_s4_0.7,120,6,1500,0.01,conserve,softmax,0.0009524130150701899,False,0.16113594867953124,0.002563772501865502,7.846576822775956e-11,0.15312212350680487,0.001531221313533817,63.970249849639316,1.0000000000000002,0.0010325511883316851
small_s4_0.7,120,6,1500,0.01,free,projection,0.0007492180336443295,False,0.09275563652742311,0.0016767743989185605,2.0335817879848724e-11,0.08587711947613631,0.000858771215097181,67.57640585390024,1.1743021624152294,0.0008180031838213795
small_s4_0.7,120,6,1500,0.1,conserve,projection,0.05629533817043709,False,1.7318407462247243,0.2294794127929095,2.279886912097957e-11,0.15312197122871327,0.015312197145670196,42.29018184947505,1.0,0.2141672156472393
small_s4_0.7,120,6,1500,0.1,conserve,softmax,0.0014629615034126514,False,0.15330445653019784,0.016793407156432436,2.279886912097957e-11,0.15312197122871327,0.015312197145670196,63.51403726725356,1.0,0.0014812100107622402
small_s4_0.7,120,6,1500,0.1,free,projection,0.0021817543305360535,False,0.08431970227927905,0.01061372455846396,1.2628924011793728e-11,0.08587711846443138,0.008587711859072063,68.08493473244366,1.152565860903352,0.0020260126993918975
small_s4_0.7,120,6,1500,1.0,conserve,projection,0.16022600849760485,False,5.3427655834442325e-06,0.1602313512631883,0.06787904453960168,0.03075303357487068,0.09863207811447236,72.62722114573492,1.0,0.06159927314871594
small_s4_0.7,120,6,1500,1.0,conserve,softmax,0.06873156465025938,False,0.03056611380209379,0.09929767845235317,0.06787904453960168,0.03075303357487068,0.09863207811447236,70.75505903188001,0.9999999999999998,0.000665600337880809
small_s4_0.7,120,6,1500,1.0,free,projection,0.037609179143819844,False,0.03967480783714735,0.0772839869809672,0.03641803564441658,0.038921705380180124,0.0753397410245967,70.36533597610227,1.1151624451376616,0.001944245956370494
small_s4_1.02,120,6,1500,0.0,conserve,projection,0.0013678594303602172,False,0.38753733208056373,0.0013678594303602172,8.614908890702913e-12,0.13036932223757455,8.614908890702913e-12,60.55386811045676,0.9999999999999998,0.0013678594217453083
small_s4_1.02,120,6,1500,0.0,conserve,softmax,0.0008861433397612883,False,0.14401882172874958,0.0008861433397612883,8.614908890702913e-12,0.13036932223757455,8.614908890702913e-12,70.52912135057008,0.9999999999999998,0.0008861433311463793
small_s4_1.02,120,6,1500,0.0,free,projection,0.0004038723723061908,False,0.07012541396516371,0.0004038723723061908,7.413708109572093e-10,0.36833722598488994,7.413708109572093e-10,70.43186748047583,1.240516996092714,0.0004038716309353799
small_s4_1.02,120,6,1500,0.001,conserve,projection,0.001731145204131555,False,0.3611265023981461,0.002092271706529701,2.7718095841273067e-11,0.10979132319593547,0.00010979135091403132,61.220121844802804,1.0000000000000002,0.0019824803556156697
small_s4_1.02,120,6,1500,0.001,conserve,softmax,0.0011782820763753706,False,0.13460877516364392,0.0013128908515390144,2.7718095841273067e-11,0.10979132319593547,0.00010979135091403132,70.03675933548035,1.0,0.001203099500624983
small_s4_1.02,120,6,1500,0.001,free,projection,0.0012332625461809789,False,0.05926004324189869,0.0012925225894228776,3.949589225092927e-12,0.04366303613101504,4.3663040080604266e-05,70.3807457787559,1.2183302905887865,0.0012488595493422734
small_s4_1.02,120,6,1500,0.01,conserve,projection,0.0016553596377375584,False,0.3605950209288823,0.005261309847026382,7.786549892168474e-12,0.1097913231968878,0.0010979132397554278,65.03697980032801,1.0,0.004163396607270954
small_s4_1.02,120,6,1500,0.01,conserve,softmax,0.001147120417176807,False,0.11370687701269214,0.0022841891873037284,7.786549892168474e-12,0.1097913231968878,0.0010979132397554278,67.87215246732441,1.0000000000000002,0.0011862759475483005
small_s4_1.02,120,6,1500,0.01,free,projection,0.001975146705783718,False,0.04722408062219796,0.0024473875120056975,5.286563592607508e-11,0.04366303615583196,0.0004366304144239555,70.70942938001545,1.1747496085789244,0.002010757097581742
small_s4_1.02,120,6,1500,0.1,conserve,projection,0.08472322759639485,False,1.7849067391319964,0.2632139015095945,5.4174707474274945e-12,0.1097913231942828,0.01097913232484575,36.655550339620156,1.0000000000000002,0.25223476918474874
small_s4_1.02,120,6,1500,0.1,conserve,softmax,0.0014022934972358215,False,0.11034299320580968,0.01243659281781679,5.4174707474274945e-12,0.1097913231942828,0.01097913232484575,66.63885576938878,1.0000000000000002,0.0014574604929710397
small_s4_1.02,120,6,1500,0.1,free,projection,0.0024957911673989543,False,0.04441343266678015,0.00693713443407697,1.2062406393720873e-10,0.04366303619297045,0.004366303739921109,71.07457838177845,1.1548964280642906,0.002570830694155861
small_s4_1.02,120,6,1500,1.0,conserve,projection,0.1802810897703652,False,1.2632104154140911e-05,0.18029372187451934,0.03653391970041605,0.05277937103589563,0.08931329073631168,72.62069335918189,0.9999999999999998,0.09098043113820765
small_s4_1.02,120,6,1500,1.0,conserve,softmax,0.037446027664174465,False,0.05241486659231192,0.08986089425648638,0.03653391970041605,0.05277937103589563,0.08931329073631168,70.08929517893809,1.0,0.0005476035201747026
small_s4_1.02,120,6,1500,1.0,free,projection,0.004941492449400072,False,0.03937661560817358,0.04431810805757365,0.002504753252876207,0.041000886753491894,0.0435056400063681,71.24477543127846,1.1462740321920912,0.0008124680512055504
small_s5_0.7,120,6,1500,0.0,conserve,projection,0.17514590359881232,False,3.7897386607251233,0.17514590359881232,8.502998198592741e-11,0.1716326232059473,8.502998198592741e-11,14.107690369145727,1.0,0.17514590351378234
small_s5_0.7,120,6,1500,0.0,conserve,softmax,0.0013422866299312717,False,0.2015459193244704,0.0013422866299312717,8.502998198592741e-11,0.1716326232059473,8.502998198592741e-11,54.502035436009855,1.0,0.0013422865449012897
small_s5_0.7,120,6,1500,0.0,free,projection,0.0003189664307057299,False,0.1153560819304798,0.0003189664307057299,5.548904750476155e-10,0.41586951012974915,5.548904750476155e-10,63.07757396967635,1.200824620440113,0.00031896587581525484
small_s5_0.7,120,6,1500,0.001,conserve,projection,0.16338139513265076,False,3.5436837294288175,0.16692507886207958,1.3370419772763615e-10,0.13978754624957096,0.00013978767995376869,16.811120043248117,1.0,0.16678529118212582
small_s5_0.7,120,6,1500,0.001,conserve,softmax,0.0014634645358810828,False,0.1885186322021326,0.0016519831680832154,1.3370419772763615e-10,0.13978754624957096,0.00013978767995376869,54.69632907082774,1.0,0.0015121954881294466
small_s5_0.7,120,6,1500,0.001,free,projection,0.0013001812271688422,False,0.10311502296520746,0.0014032962501340496,2.253411978719895e-12,0.07464794020676425,7.464794246017623e-05,62.890014409208185,1.1820346406768216,0.0013286483076738733
small_s5_0.7,120,6,1500,0.01,conserve,projection,0.13305026628120478,False,3.532749047498862,0.1683777567561934,2.7647957340007773e-11,0.13978754603502394,0.0013978754879981968,17.67212621609288,1.0,0.1669798812681952
small_s5_0.7,120,6,1500,0.01,conserve,softmax,0.0014933402006598437,False,0.14604180362972188,0.0029537582369570624,2.7647957340007773e-11,0.13978754603502394,0.0013978754879981968,55.11877282036688,1.0,0.0015558827489588656
small_s5_0.7,120,6,1500,0.01,free,projection,0.001973015998481779,False,0.08176713922060211,0.0027906873906878,6.330902494498145e-11,0.07464798239849746,0.0007464798872939995,62.4549162931962,1.1489868633573326,0.0020442075033938003
small_s5_0.7,120,6,1500,0.1,conserve,projection,0.08453441548131098,False,2.041730239566744,0.2887074394379854,5.541587074855525e-12,0.13978754600197624,0.01397875460573921,21.557455243098968,1.0,0.27472868483224616
small_s5_0.7,120,6,1500,0.1,conserve,softmax,0.0017641654245480864,False,0.13953963114687642,0.01571812853923573,5.541587074855525e-12,0.13978754600197624,0.01397875460573921,54.805695105289146,1.0,0.0017393739334965203
small_s5_0.7,120,6,1500,0.1,free,projection,0.0009333930418060681,False,0.07526478913460474,0.008459871955266542,4.728509164977295e-11,0.07464792598585629,0.007464792645870721,61.45870376028934,1.142700203809871,0.0009950793093958209
small_s5_0.7,120,6,1500,1.0,conserve,projection,0.18271731892682563,False,0.03479802176177934,0.21751534068860498,0.038587463710452984,0.06538677328824355,0.10397423699869654,62.88161656280009,1.0,0.11354110368990844
small_s5_0.7,120,6,1500,1.0,conserve,softmax,0.039953733241363955,False,0.06503730772179728,0.10499104096316123,0.038587463710452984,0.06538677328824355,0.10397423699869654,57.900189401085726,1.0,0.0010168039644646854
small_s5_0.7,120,6,1500,1.0,free,projection,0.015831367865374795,False,0.055025403891508264,0.07085677175688306,0.013673281529895864,0.05602949983630828,0.06970278136620414,61.02753200474715,1.1223085149525924,0.0011539903906789134
small_s5_1.02,120,6,1500,0.0,conserve,projection,0.0014695447974833822,False,0.29754512196731653,0.0014695447974833822,3.011932741263058e-11,0.13948172418219829,3.011932741263058e-11,36.94020129840781,1.0,0.0014695447673640548
small_s5_1.02,120,6,1500,0.0,conserve,softmax,0.0014442956826840388,False,0.16182039003215973,0.0014442956826840388,3.011932741263058e-11,0.13948172418219829,3.011932741263058e-11,52.62834052063374,1.0,0.0014442956525647114
small_s5_1.02,120,6,1500,0.0,free,projection,0.000313542108208932,False,0.06042103038147843,0.000313542108208932,7.639058923064956e-11,0.36651589697514075,7.639058923064956e-11,63.76769889988783,1.2205980653728734,0.00031354203181834276
small_s5_1.02,120,6,1500,0.001,conserve,projection,0.0012767361792335133,False,1.1979876597630825,0.002474723838996596,1.3107835734219227e-10,0.11107509123518441,0.00011107522231354176,14.28497223362516,1.0000000000000002,0.0023636486166830543
small_s5_1.02,120,6,1500,0.001,conserve,softmax,0.002194306122920791,False,0.15197368419132665,0.0023462798071121178,1.3107835734219227e-10,0.11107509123518441,0.00011107522231354176,53.045663183065436,1.0,0.002235204584798576
small_s5_1.02,120,6,1500,0.001,free,projection,0.0009792764157468875,False,0.05365831146614723,0.0010329347272130347,6.286192162146465e-11,0.04151135225251587,4.151141511443749e-05,63.533086920116496,1.2056944237289056,0.0009914233120985971
small_s5_1.02,120,6,1500,0.01,conserve,projection,0.0023344452886424863,False,0.2563160298023816,0.0048976055866663025,1.4329552493411388e-10,0.11107509113803507,0.0011107510546758757,42.34786762996136,1.0,0.0037868545319904266
small_s5_1.02,120,6,1500,0.01,conserve,softmax,0.0013416308488315885,False,0.11551093094633914,0.00249674015829498,1.4329552493411388e-10,0.11107509113803507,0.0011107510546758757,54.51196329907056,1.0,0.0013859891036191042
small_s5_1.02,120,6,1500,0.01,free,projection,0.0018290170356435101,False,0.04430062200705564,0.0022720232557140664,2.854319748311806e-11,0.04151135222789191,0.0004151135508221166,62.52295793731378,1.168089904491073,0.0018569097048919498
small_s5_1.02,120,6,1500,0.1,conserve,projection,0.0012163893727129293,False,0.3369101565643506,0.034907405029147985,1.500434933301933e-11,0.11107509097083075,0.011107509112087426,50.331506289216954,0.9999999999999998,0.02379989591706056
small_s5_1.02,120,6,1500,0.1,conserve,softmax,0.0020167309000856505,False,0.10967363036430906,0.012984093936516557,1.500434933301933e-11,0.11107509097083075,0.011107509112087426,55.51694731004434,1.0,0.0018765848244291315
small_s5_1.02,120,6,1500,0.1,free,projection,0.0011177643022543518,False,0.04108429641228476,0.005226193943482828,2.5261097172711026e-11,0.0415113522248826,0.004151135247749357,61.81190512042607,1.151480623057662,0.001075058695733471
small_s5_1.02,120,6,1500,1.0,conserve,projection,0.17116399192825127,False,0.0013326343389713385,0.17249662626722262,0.025154995995898304,0.06580983812163752,0.09096483411753582,63.226621672964534,1.0,0.0815317921496868
small_s5_1.02,120,6,1500,1.0,conserve,softmax,0.03332692832838491,False,0.05928868827788868,0.0926156166062736,0.025154995995898304,0.06580983812163752,0.09096483411753582,57.75290538473177,1.0,0.0016507824887377759
small_s5_1.02,120,6,1500,1.0,free,projection,0.005621631542199418,False,0.03788105344691509,0.04350268498911451,0.0023136583387514515,0.03907020456789057,0.041383862906642026,61.86821280073271,1.1462844277738347,0.0021188220824724865
small_s6_0.7,120,6,1500,0.0,conserve,projection,0.0005659157056891535,False,0.1777591650092368,0.0005659157056891535,4.901288246040401e-11,0.09998052211741656,4.901288246040401e-11,48.379467801735,1.0,0.000565915656676271
small_s6_0.7,120,6,1500,0.0,conserve,softmax,0.0015119069565524331,False,0.08526674193431086,0.0015119069565524331,4.901288246040401e-11,0.09998052211741656,4.901288246040401e-11,44.40596475878801,1.0,0.0015119069075395506
small_s6_0.7,120,6,1500,0.0,free,projection,0.0003772533716938241,False,0.04281026486017973,0.0003772533716938241,4.138568394725639e-11,0.22846832648762622,4.138568394725639e-11,46.51191015355952,1.1169339260072788,0.00037725333030814013
small_s6_0.7,120,6,1500,0.001,conserve,projection,0.0007813973058608827,False,0.17672639656180372,0.0009581237024226864,4.547733126289337e-13,0.0706168040574141,7.061680451218742e-05,48.51077488640664,1.0,0.0008875068979104989
small_s6_0.7,120,6,1500,0.001,conserve,softmax,0.0016692665946067412,False,0.08329224701388654,0.0017525588416206278,4.547733126289337e-13,0.0706168040574141,7.061680451218742e-05,44.28368307776482,1.0,0.0016819420371084403
small_s6_0.7,120,6,1500,0.001,free,projection,0.0010066463922828502,False,0.0387243319403834,0.0010453707242232336,1.405552415384012e-11,0.03125693844729716,3.1256952502821313e-05,46.13113279085986,1.1089186849138146,0.0010141137717204123
small_s6_0.7,120,6,1500,0.01,conserve,projection,0.0005249020703630473,False,0.21270270290668322,0.0026519290994298796,3.2750935322762886e-12,0.0706168040517378,0.0007061680437924716,47.57211365316226,1.0,0.0019457610556374082
small_s6_0.7,120,6,1500,0.01,conserve,softmax,0.0011801686582489004,False,0.07180503530637378,0.0018982190113126381,3.2750935322762886e-12,0.0706168040517378,0.0007061680437924716,43.4803731151206,1.0,0.0011920509675201665
small_s6_0.7,120,6,1500,0.01,free,projection,0.002474309109361068,False,0.03177480002554385,0.0027920571096165065,1.706639257086306e-12,0.031256938228401906,0.00031256938399065834,45.79200044693283,1.0932909393400256,0.0024794877256258483
small_s6_0.7,120,6,1500,0.1,conserve,projection,0.036277762725876066,False,1.174912992107559,0.15376906193663198,7.13347001255022e-13,0.07061680405658027,0.007061680406371375,28.865070259846103,1.0,0.1467073815302606
small_s6_0.7,120,6,1500,0.1,conserve,softmax,0.0012349050733904755,False,0.07043796665867125,0.0082787017392576,7.13347001255022e-13,0.07061680405658027,0.007061680406371375,43.20658170957992,1.0,0.001217021332886226
small_s6_0.7,120,6,1500,0.1,free,projection,0.00142590553585086,False,0.031159496838993044,0.004541855219750165,1.957303133229929e-11,0.031256938210216786,0.00312569384059471,45.94460216166089,1.09287348705597,0.0014161613791554553
small_s6_0.7,120,6,1500,1.0,conserve,projection,0.10582486543986368,False,9.06149201180749e-06,0.10583392693187549,0.021846395842208603,0.025661868161335522,0.047508264003544125,46.45984708913555,1.0,0.058325662928331364
small_s6_0.7,120,6,1500,1.0,conserve,softmax,0.02463939700042246,False,0.023885006618394572,0.04852440361881703,0.021846395842208603,0.025661868161335522,0.047508264003544125,45.71619346735232,1.0,0.0010161396152729082
small_s6_0.7,120,6,1500,1.0,free,projection,0.012213349414621474,False,0.01651907170504425,0.028732421119665723,0.010321508726202518,0.016927399979615943,0.02724890870581846,46.59691898670849,1.0757979423678339,0.0014835124138472613
small_s6_1.02,120,6,1500,0.0,conserve,projection,0.0010316251028851104,False,0.6150736316578869,0.0010316251028851104,6.707341253354698e-11,0.1558718580086782,6.707341253354698e-11,51.19754732309031,1.0,0.0010316250358116978
small_s6_1.02,120,6,1500,0.0,conserve,softmax,0.0013675790556898699,False,0.16211741193575444,0.0013675790556898699,6.707341253354698e-11,0.1558718580086782,6.707341253354698e-11,43.97571630178999,1.0000000000000002,0.0013675789886164573
small_s6_1.02,120,6,1500,0.0,free,projection,0.00023975766497894634,False,0.03968726361584806,0.00023975766497894634,1.631744148448895e-11,0.23756454634148272,1.631744148448895e-11,46.191473803822376,1.1863426788406533,0.00023975764866150486
small_s6_1.02,120,6,1500,0.001,conserve,projection,0.0006751357680245596,False,0.4729247455051525,0.001148060513529712,9.549444277047844e-14,0.12688413258982362,0.00012688413268531807,48.89252620940394,1.0,0.001021176380844394
small_s6_1.02,120,6,1500,0.001,conserve,softmax,0.0014651014649802606,False,0.1520410991019136,0.0016171425640821742,9.549444277047844e-14,0.12688413258982362,0.00012688413268531807,43.416740681150785,1.0,0.0014902584313968561
small_s6_1.02,120,6,1500,0.001,free,projection,0.0018348969208924395,False,0.03607107798360992,0.0018709679988760494,8.184316564850235e-12,0.030721367162875945,3.0721375347192515e-05,45.71432298585252,1.1763486508914196,0.0018402466235288568
small_s6_1.02,120,6,1500,0.01,conserve,projection,0.0011188337050766217,False,0.5012615672469309,0.006131449377545931,3.812186814463337e-12,0.12688413258167525,0.0012688413296289393,47.567849503894806,1.0,0.004862608047916992
small_s6_1.02,120,6,1500,0.01,conserve,softmax,0.001067893200732332,False,0.13171529559714343,0.0023850461567037663,3.812186814463337e-12,0.12688413258167525,0.0012688413296289393,41.32881950525141,1.0,0.001116204827074827
small_s6_1.02,120,6,1500,0.01,free,projection,0.0014578719656309907,False,0.032048456815389745,0.001778356533784888,5.240904970973909e-13,0.030721367149507402,0.0003072136720191645,45.459856366739515,1.1567420371235768,0.0014711428617657236
small_s6_1.02,120,6,1500,0.1,conserve,projection,0.1875607655422903,False,1.6352305655088448,0.3510838220931748,3.0093543751035033e-13,0.12688413258934803,0.012688413259235738,15.646982692914507,1.0,0.33839540883393904
small_s6_1.02,120,6,1500,0.1,conserve,softmax,0.0016408518673491736,False,0.12483585040543281,0.014124436907892456,3.0093543751035033e-13,0.12688413258934803,0.012688413259235738,40.71551039264474,1.0,0.0014360236486567184
small_s6_1.02,120,6,1500,0.1,free,projection,0.0026059437156285992,False,0.029637526495263675,0.005569696365154967,9.589188171702152e-12,0.03072136714789077,0.0030721367243782653,45.81008754151634,1.1432857169337847,0.0024975596407767016
small_s6_1.02,120,6,1500,1.0,conserve,projection,0.15835414638929898,False,1.6671760648841833e-07,0.15835431310690548,0.044792988754999374,0.04644998395228695,0.09124297270728632,46.465336111884014,1.0,0.06711134039961916
small_s6_1.02,120,6,1500,1.0,conserve,softmax,0.04595924929171826,False,0.04587595914249686,0.09183520843421512,0.044792988754999374,0.04644998395228695,0.09124297270728632,45.62967173349988,1.0,0.0005922357269288053
small_s6_1.02,120,6,1500,1.0,free,projection,0.003333164371837189,False,0.027936887797339122,0.03127005216917631,0.0022715601347368863,0.02825196049160912,0.030523520626346008,45.949162350068896,1.1415535530874679,0.0007465315428303032
small_s7_0.7,120,6,1500,0.0,conserve,projection,0.0007821705835877015,False,2.3623439349530737,0.0007821705835877015,9.376445452337306e-12,0.1451606851004554,9.376445452337306e-12,28.056667212595066,1.0,0.000782170574211256
small_s7_0.7,120,6,1500,0.0,conserve,softmax,0.0009529571788635659,False,0.15460724952084526,0.0009529571788635659,9.376445452337306e-12,0.1451606851004554,9.376445452337306e-12,48.62033861784568,1.0000000000000002,0.0009529571694871205
small_s7_0.7,120,6,1500,0.0,free,projection,0.00044471293800286217,False,0.14074796793980415,0.00044471293800286217,4.527184306097449e-10,0.30667999604338614,4.527184306097449e-10,49.983053507218486,1.1163773651709807,0.00044471248528443156
small_s7_0.7,120,6,1500,0.001,conserve,projection,0.0006353434646271866,False,1.6264577749293812,0.002261801239556568,7.851492620436246e-13,0.1231721839632964,0.00012317218474844566,35.78801719655441,1.0,0.0021386290548081224
small_s7_0.7,120,6,1500,0.001,conserve,softmax,0.0016985192487150786,False,0.14694295372756389,0.0018454622024426425,7.851492620436246e-13,0.1231721839632964,0.00012317218474844566,49.059387063386644,1.0,0.0017222900176941968
small_s7_0.7,120,6,1500,0.001,free,projection,0.0013481412844842753,False,0.1261176998978117,0.0014742589843820871,2.3584449897007992e-11,0.08916063658833064,8.916066017278053e-05,49.92195921279089,1.1063504791883354,0.0013850983242093065
small_s7_0.7,120,6,1500,0.01,conserve,projection,0.0011023925565269925,False,0.6120829647224948,0.007223222203751941,3.667245087769116e-12,0.12317218395524501,0.0012317218432196953,49.74314806180554,1.0,0.005991500360532246
small_s7_0.7,120,6,1500,0.01,conserve,softmax,0.0005263115473648662,False,0.1261651179506781,0.0017879627268716472,3.667245087769116e-12,0.12317218395524501,0.0012317218432196953,51.034109865780536,1.0,0.0005562408836519519
small_s7_0.7,120,6,1500,0.01,free,projection,0.003189895117545225,False,0.09429675785445292,0.004132862696089755,5.835402255658654e-12,0.08916063657058827,0.000891606371541285,50.56999865455134,1.0903442487894455,0.0032412563245484693
small_s7_0.7,120,6,1500,0.1,conserve,projection,0.0031254099456615096,False,1.4576169780292916,0.14888710774859068,1.875912878551662e-12,0.12317218395359303,0.012317218397235217,26.594607244601857,1.0,0.13656988935135547
small_s7_0.7,120,6,1500,0.1,conserve,softmax,0.0010045029510265134,False,0.12406131946901862,0.013410634897928377,1.875912878551662e-12,0.12317218395359303,0.012317218397235217,52.2814337933385,1.0000000000000002,0.0010934165006931604
small_s7_0.7,120,6,1500,0.1,free,projection,0.0018728563897204228,False,0.09012142856349327,0.01088499924606975,2.921438137011088e-12,0.08916063657014515,0.008916063659935953,51.75620703032431,1.0960463164752843,0.0019689355861337975
small_s7_0.7,120,6,1500,1.0,conserve,projection,0.10080158111347803,False,0.05543472163071877,0.1562363027441968,0.04595582314321193,0.053823736751109685,0.0997795598943216,52.31138059869763,1.0,0.0564567428498752
small_s7_0.7,120,6,1500,1.0,conserve,softmax,0.04907986234496823,False,0.05163404672149744,0.10071390906646567,0.04595582314321193,0.053823736751109685,0.0997795598943216,53.000723856834924,1.0,0.0009343491721440639
small_s7_0.7,120,6,1500,1.0,free,projection,0.030103441283967056,False,0.054131982828509895,0.08423542411247695,0.024368861568666883,0.058681050212857744,0.08304991178152463,52.33412470458553,1.081145448744041,0.0011855123309523208
small_s7_1.02,120,6,1500,0.0,conserve,projection,0.0005898384799574309,False,0.3351025456610086,0.0005898384799574309,1.4344226514925735e-11,0.12373423016239442,1.4344226514925735e-11,60.45995308454463,1.0,0.0005898384656132043
small_s7_1.02,120,6,1500,0.0,conserve,softmax,0.0011824497105732505,False,0.14690174033976486,0.0011824497105732505,1.4344226514925735e-11,0.12373423016239442,1.4344226514925735e-11,55.67671707221494,1.0,0.001182449696229024
small_s7_1.02,120,6,1500,0.0,free,projection,0.000439360504126713,False,0.05253509480742217,0.000439360504126713,1.1207816151968593e-09,0.2752083163818846,1.1207816151968593e-09,53.8010527364381,1.184790685768847,0.0004393593833450978
small_s7_1.02,120,6,1500,0.001,conserve,projection,0.00106107474200076,False,0.31840274113005934,0.0013794774831308195,3.809364254366977e-12,0.10624870144034847,0.00010624870524971272,59.95544294022049,1.0,0.0012732287778811067
small_s7_1.02,120,6,1500,0.001,conserve,softmax,0.0006766073947269718,False,0.13668757370270646,0.0008132949684296782,3.809364254366977e-12,0.10624870144034847,0.00010624870524971272,55.80869061639978,1.0,0.0007070462631799655
small_s7_1.02,120,6,1500,0.001,free,projection,0.0009435726145007895,False,0.04813491914124974,0.0009917075336420393,9.631498552716735e-12,0.039305186794512205,3.930519642601076e-05,53.86570523211831,1.1762696351376436,0.0009524023372160285
small_s7_1.02,120,6,1500,0.01,conserve,projection,0.001760994766889102,False,0.2954403263989338,0.00471539803087844,4.011651864537154e-12,0.10624870117677117,0.0010624870157793637,57.870074861233576,1.0,0.0036529110150990765
small_s7_1.02,120,6,1500,0.01,conserve,softmax,0.0012757664049845995,False,0.11035411661904558,0.0023793075711750554,4.011651864537154e-12,0.10624870117677117,0.0010624870157793637,56.00097056305856,1.0,0.0013168205553956917
small_s7_1.02,120,6,1500,0.01,free,projection,0.0014515042334956594,False,0.04038704927049673,0.0018553747262006267,1.1093020964024594e-12,0.039305186792071185,0.00039305186903001397,54.25793615366474,1.1526217018578424,0.0014623228571706128
small_s7_1.02,120,6,1500,0.1,conserve,projection,0.0014048440526340748,False,0.7901713441564737,0.08042197846828146,1.7850441796136724e-12,0.10624870117067457,0.010624870118852502,53.29119999975173,1.0,0.06979710834942895
small_s7_1.02,120,6,1500,0.1,conserve,softmax,0.0013644104320727193,False,0.10693263949876367,0.012057674381949086,1.7850441796136724e-12,0.10624870117067457,0.010624870118852502,55.69043419535259,1.0,0.0014328042630965838
small_s7_1.02,120,6,1500,0.1,free,projection,0.0017518778650111317,False,0.039374274175627715,0.005689305282573904,3.2224431168642012e-12,0.0393051867924891,0.003930518682471354,54.90384435878832,1.1391944608230153,0.0017587866001025501
small_s7_1.02,120,6,1500,1.0,conserve,projection,0.16548484564738006,False,3.9364945135040216e-05,0.1655242105925151,0.037438560003014806,0.059400249739541076,0.09683880974255588,54.49834845332985,1.0,0.06868540084995922
small_s7_1.02,120,6,1500,1.0,conserve,softmax,0.03810184467419841,False,0.059210480728860065,0.09731232540305848,0.037438560003014806,0.059400249739541076,0.09683880974255588,56.52566377550839,1.0,0.00047351566050260474
small_s7_1.02,120,6,1500,1.0,free,projection,0.0020438514558686854,False,0.038440691659293556,0.04048454311516224,8.946929252384745e-10,0.03930518610187573,0.03930518699656865,54.85803039501358,1.137409742265274,0.0011793561185935858
large_s0,3000,150,800,0.0,conserve,projection,0.0009925247852810562,False,0.29511743176363625,0.0009925247852810562,5.0068667167368236e-11,0.4697344837668469,5.0068667167368236e-11,206.75626830934937,1.0,0.000992524735212389
large_s0,3000,150,800,0.0,conserve,softmax,0.0011040290804317054,False,0.24796447494352075,0.0011040290804317054,5.0068667167368236e-11,0.4697344837668469,5.0068667167368236e-11,237.36276157763032,1.0,0.0011040290303630383
large_s0,3000,150,800,0.0,free,projection,0.0009397543225923026,False,0.2546441237200053,0.0009397543225923026,2.1424843487916847e-09,0.43586439080912726,2.1424843487916847e-09,238.08512706063647,0.9917904316436945,0.0009397521801079538
large_s0,3000,150,800,0.001,conserve,projection,0.0019150126090687017,False,0.2571568796693199,0.0021721694887380217,1.2045858361468055e-13,0.15558863596863054,0.00015558863608908913,191.3640845279164,1.0,0.0020165808526489324
large_s0,3000,150,800,0.001,conserve,softmax,0.0011832115258033908,False,0.22548900642117628,0.001408700532224567,1.2045858361468055e-13,0.15558863596863054,0.00015558863608908913,236.66178262160597,1.0,0.001253111896135478
large_s0,3000,150,800,0.001,free,projection,0.0013497802246337598,False,0.22485675290689427,0.001574636977540654,6.842003225761164e-13,0.1530532734111192,0.00015305327409531952,239.70539569564508,0.9898454914883009,0.0014215837034453345
large_s0,3000,150,800,0.01,conserve,projection,0.0035122000887168638,False,0.18255989840821504,0.005337799072799014,4.3632587400455807e-13,0.15558842121428365,0.0015558842125791624,180.1040857003022,1.0,0.003781914860219852
large_s0,3000,150,800,0.01,conserve,softmax,0.001396620159387838,False,0.16978825619364912,0.003094502721324329,4.3632587400455807e-13,0.15558842121428365,0.0015558842125791624,239.31643914317058,1.0,0.0015386185087451667
large_s0,3000,150,800,0.01,free,projection,0.0013601556023009923,False,0.15774276069516252,0.0029375832092526175,9.030122926533061e-13,0.1530526642473856,0.0015305266433768682,245.0407821259497,0.9814583517573076,0.0014070565658757493
large_s0,3000,150,800,0.1,conserve,projection,0.006430775678921455,False,0.08648026765525685,0.015078802444447141,0.00428840404656176,0.05597857969245179,0.009886262015806939,225.1391849582717,1.0,0.005192540428640202
large_s0,3000,150,800,0.1,conserve,softmax,0.005407465480234785,False,0.05579911720860299,0.010987377201095085,0.00428840404656176,0.05597857969245179,0.009886262015806939,240.20964241464742,1.0,0.0011011151852881457
large_s0,3000,150,800,0.1,free,projection,0.005337306111159042,False,0.05668716468156888,0.011006022579315931,0.004146609157752251,0.05682831805267337,0.00982944096301959,243.26655235345746,0.9893477181341117,0.0011765816162963415
large_s0,3000,150,800,1.0,conserve,projection,0.025225845294872044,False,0.024083534232678505,0.049309379527550545,0.017331112157326647,0.02547440973676828,0.04280552189409492,262.5328009846422,1.0,0.006503857633455623
large_s0,3000,150,800,1.0,conserve,softmax,0.019270696368329336,False,0.024560693206767722,0.04383138957509706,0.017331112157326647,0.02547440973676828,0.04280552189409492,262.4616605664663,1.0,0.0010258676810021364
large_s0,3000,150,800,1.0,free,projection,0.018976036998783332,False,0.024584492885325975,0.04356052988410931,0.017338199827498936,0.02531668218037166,0.0426548820078706,265.5378648214839,0.9934134210019732,0.0009056478762387091
large_s1,3000,150,800,0.0,conserve,projection,0.0024847119391543456,False,1.1455994113148413,0.0024847119391543456,0.0006307589021569682,1.0561902059299533,0.0006307589021569682,19.472513229545733,1.0,0.0018539530369973774
large_s1,3000,150,800,0.0,conserve,softmax,0.002154299563552651,False,0.3457428626609801,0.002154299563552651,0.0006307589021569682,1.0561902059299533,0.0006307589021569682,22.20479619059939,1.0,0.0015235406613956827
large_s1,3000,150,800,0.0,free,projection,0.0016223942853082517,False,0.3917126485015459,0.0016223942853082517,0.0006891740513495444,1.2331641828666318,0.0006891740513495444,22.86571357351102,1.0181850423183447,0.0009332202339587073
large_s1,3000,150,800,0.001,conserve,projection,0.0017566340184633892,False,1.1318692867511961,0.002888503305214585,7.081349641545816e-13,0.2600932535033536,0.00026009325421148853,19.91148002663895,1.0,0.0026284100510030966
large_s1,3000,150,800,0.001,conserve,softmax,0.002232562378946046,False,0.3253437206605201,0.002557906099606566,7.081349641545816e-13,0.2600932535033536,0.00026009325421148853,22.13586942489331,1.0,0.0022978128453950775
large_s1,3000,150,800,0.001,free,projection,0.0018707303532712553,False,0.36324063688624303,0.002233970990157498,7.322643641888135e-14,0.2569607637394249,0.0002569607638126513,22.82899738551358,1.014859803251486,0.001977010226344847
large_s1,3000,150,800,0.01,conserve,projection,0.005076134515471341,False,0.15684153077144736,0.006644549823185815,0.0001343021317248903,0.24582987245037852,0.0025926008562286757,21.283340721201498,1.0,0.004051948966957139
large_s1,3000,150,800,0.01,conserve,softmax,0.0032766814568990187,False,0.1604402862943713,0.004881084319842731,0.0001343021317248903,0.24582987245037852,0.0025926008562286757,21.17505097615167,1.0,0.0022884834636140556
large_s1,3000,150,800,0.01,free,projection,0.003340261510795308,False,0.15710720344119825,0.004911333545207291,5.6629869349339725e-05,0.25116541871525083,0.002568284056501848,21.240257181930623,0.9967089891805333,0.002343049488705443
large_s1,3000,150,800,0.1,conserve,projection,0.00879334318290766,False,0.07490522059674812,0.016283865242582473,0.005212653849608627,0.05865508502586341,0.011078162352194968,21.017298418720603,1.0,0.005205702890387505
large_s1,3000,150,800,0.1,conserve,softmax,0.0065702418814072416,False,0.05834863591658271,0.012405105473065513,0.005212653849608627,0.05865508502586341,0.011078162352194968,21.124610906780305,1.0,0.001326943120870545
large_s1,3000,150,800,0.1,free,projection,0.006478029183351062,False,0.05794310166266459,0.012272339349617523,0.005154803489768649,0.05859615341903518,0.011014418831672167,21.038798478518476,0.9915337732053366,0.001257920517945356
large_s1,3000,150,800,1.0,conserve,projection,0.022538094530427006,False,0.022740969353024013,0.045279063883451015,0.01932059798448019,0.02187910849540487,0.041199706479885065,22.0711189949797,1.0,0.00407935740356595
large_s1,3000,150,800,1.0,conserve,softmax,0.020673565867892114,False,0.0214180007326139,0.04209156660050602,0.01932059798448019,0.02187910849540487,0.041199706479885065,21.968805884351166,1.0,0.000891860120620952
large_s1,3000,150,800,1.0,free,projection,0.02084613523744126,False,0.021389353473033015,0.04223548871047428,0.019378798580832305,0.02177987614656725,0.041158674727399557,22.0517493962964,0.9965508192961517,0.0010768139830747217
large_s2,3000,150,800,0.0,conserve,projection,0.003942376555345291,False,0.35608055997605,0.003942376555345291,3.557771954170753e-08,0.8435349137394182,3.557771954170753e-08,190.66677716876023,1.0,0.0039423409776257485
large_s2,3000,150,800,0.0,conserve,softmax,0.0010381068854644153,False,0.3943206888155598,0.0010381068854644153,3.557771954170753e-08,0.8435349137394182,3.557771954170753e-08,188.79381798017337,1.0,0.0010380713077448736
large_s2,3000,150,800,0.0,free,projection,0.0008866970595679184,False,0.41058097409635425,0.0008866970595679184,2.1174880814746097e-08,0.8417991410308899,2.1174880814746097e-08,189.8193940688365,0.9981298166089019,0.0008866758846871037
large_s2,3000,150,800,0.001,conserve,projection,0.006504080389396263,False,0.24608987762366993,0.006750170267019933,7.571421323044581e-14,0.23729569170646855,0.00023729569178218275,188.42494391501035,0.9999999999999998,0.00651287457523775
large_s2,3000,150,800,0.001,conserve,softmax,0.0011257420557607319,False,0.3585225243813257,0.0014842645801420576,7.571421323044581e-14,0.23729569170646855,0.00023729569178218275,187.31227508752022,1.0,0.0012469688883598748
large_s2,3000,150,800,0.001,free,projection,0.0011359291636680046,False,0.3676792392152759,0.0015036084028832806,1.0213602908895561e-13,0.23576478592525185,0.0002357647860273879,188.05430424972712,0.9945012471589453,0.0012678436168558926
large_s2,3000,150,800,0.01,conserve,projection,0.012014795723236051,False,0.11346207516987847,0.013149416474934835,5.672892888599245e-12,0.23729560095929425,0.0023729560152658353,191.0069613327283,1.0,0.010776460459668999
large_s2,3000,150,800,0.01,conserve,softmax,0.0015317904263356793,False,0.2510114675457035,0.004041905101792715,5.672892888599245e-12,0.23729560095929425,0.0023729560152658353,180.0546658916477,1.0,0.0016689490865268797
large_s2,3000,150,800,0.01,free,projection,0.0018281201852751335,False,0.2259623601444558,0.004087743786719692,2.350733969463055e-12,0.2357646562419223,0.002357646564769957,180.83873464492373,0.9793797868258156,0.0017300972219497345
large_s2,3000,150,800,0.1,conserve,projection,0.01948639944513826,False,0.06904238838703358,0.026390638283841618,0.00637306628354924,0.06074530815063994,0.012447597098613233,184.06294298648868,1.0,0.013943041185228384
large_s2,3000,150,800,0.1,conserve,softmax,0.007627484108547426,False,0.06053255037677411,0.013680739146224837,0.00637306628354924,0.06074530815063994,0.012447597098613233,172.08131682665493,1.0,0.0012331420476116035
large_s2,3000,150,800,0.1,free,projection,0.007323652112611711,False,0.06211883783189028,0.01353553589580074,0.005898310308075843,0.06227972281164942,0.012126282589240785,172.0263163987276,0.9743972452248723,0.0014092533065599554
large_s2,3000,150,800,1.0,conserve,projection,0.032644153309516526,False,0.02488813052145894,0.057532283830975466,0.021953745816371308,0.027759268014478262,0.04971301383084957,173.2121232093017,1.0,0.007819270000125896
large_s2,3000,150,800,1.0,conserve,softmax,0.02369546745376585,False,0.026998923182649154,0.050694390636415,0.021953745816371308,0.027759268014478262,0.04971301383084957,173.17834367984418,1.0,0.0009813768055654329
large_s2,3000,150,800,1.0,free,projection,0.023350733043079025,False,0.027202397440127885,0.05055313048320691,0.021678638346295197,0.02786937868786301,0.049548017034158204,173.55835476322991,0.9925528614846548,0.001005113449048703
