run_id,kernel_head,prior_acs_share,mass_parametrization,l2_basis,l2_lambda,holdout_fold,epochs,kish_ess,ess_fraction,top_1pct_share,chi_square_distance_from_prior,chi_square_distance_from_release_design,prior_kish_ess,donor_mass_share,state_ess_median,state_ess_min,cd_ess_median,cd_ess_p10,cd_ess_min,prior_cd_ess_median,ma_ess,ma_prior_ess,ma_cd_ess_min,ma_cd_ess_median,final_loss,within_10pct,mean_capped_error,prior_within_10pct,prior_mean_capped_error,n_states,n_cds,states_below_300,states_below_1000,cds_below_50,cds_below_100,cds_below_200,states_below_0.25_of_prior,cds_below_0.25_of_prior,states_below_0.5_of_prior,cds_below_0.5_of_prior,within_10pct_soi,mean_abs_rel_error_soi,within_10pct_snap,mean_abs_rel_error_snap,within_10pct_medicaid,mean_abs_rel_error_medicaid,within_10pct_pop_state,mean_abs_rel_error_pop_state,within_10pct_pop_cd,mean_abs_rel_error_pop_cd,holdout_within_10pct,holdout_mean_capped_error,prior_holdout_within_10pct,prior_holdout_mean_capped_error,holdout_within_10pct_soi,holdout_within_10pct_snap,holdout_within_10pct_medicaid,holdout_within_10pct_pop_state,holdout_within_10pct_pop_cd,target_weighting,pop_multiplier,yardstick_loss,train_cds_off_10pct,train_cd_pop_worst_miss,unweighted_loss,weighted_within_10pct,prior_weighted_loss,loss_vector_sha256,loss_share_soi,loss_share_snap,loss_share_medicaid,loss_share_pop_state,loss_share_pop_cd,holdout_weighted_capped_error,holdout_weighted_within_10pct,prior_holdout_weighted_capped_error,arm
w_proj_chi_s050_0.01,c028b6ad,0.5,projection,chi_square,0.01,,800,17758.48955395932,0.011176917170463315,0.6606761447850259,0.4528298786051438,0.4528298786051438,36287.945780887014,0.651072227147533,353.61384728895473,212.01275295798845,40.304770363672695,29.62225005918826,15.895092410031635,79.51429776629136,546.4249788539281,1020.1338677911739,52.66442838719603,61.67317699864548,0.011284319078567107,0.9654631083202512,0.019191105204518753,0.3177842565597668,0.21506572661536336,51,436,16,49,320,407,427,0,0,34,231,0.9696255564283844,0.06522187732427236,1.0,0.0012050832416755793,1.0,0.0011469757584913328,1.0,0.0009475598220071253,0.9128440366972477,0.020565689935607676,,,,,,,,,,shared,1.0,0.011284319078567107,38.0,0.45225161061802593,0.019191105204518753,0.9826586183067646,0.15140596838124185,ba36f887407181dc6641596b4a200e6b18017cd815d7806ac4f523da3204f1d1,0.9828018038631052,0.0015205367928121602,0.001929179105389145,0.0037632223837975984,0.009985257854895981,,,,full surface
w_pop4_proj_chi_s050_0.03,5b51c776,0.5,projection,chi_square,0.03,,800,19711.355982591842,0.012406020932440516,0.6518408134767507,0.3288201701715719,0.3288201701715719,36287.945780887014,0.643464916861483,386.1970769130294,210.36977825787764,44.162546721018586,32.897168551275044,19.84233777024433,79.51429776629136,576.3269921264938,1020.1338677911739,55.93807643234117,64.85962816038577,0.012069903682408008,0.9665844359721911,0.020446482351166514,0.3177842565597668,0.21506572661536336,51,436,11,48,301,400,426,0,0,8,120,0.9630793401413983,0.06813312366055832,1.0,0.0020450103859106683,1.0,0.0016932065445809852,1.0,0.0008617076062731017,0.981651376146789,0.00698799495879018,,,,,,,,,,shared,4.0,0.014059361681164218,8.0,0.32085848362492136,0.020446482351166514,0.9815501996139291,0.13699576231689864,d6fb340ea8e08376b2319ca1f1afa0a710ee03a1d01f5cc4757d41abbecae1ab,0.9745329293662552,0.0025570791925630856,0.0024620945320430717,0.00900521680626028,0.011442680102878173,,,,full surface
w_pop8_proj_chi_s050_0.03,5b51c776,0.5,projection,chi_square,0.03,,800,19873.933013819467,0.012508344387728179,0.6514923122948152,0.31292101213626694,0.31292101213626694,36287.945780887014,0.6432050223911521,400.07722695649784,212.27611530190498,44.27490772826735,33.16303360298315,21.817327467320737,79.51429776629136,573.9521999327127,1020.1338677911739,55.26873671459367,64.62345600840128,0.011187593193976638,0.9636689840771473,0.021468305570530307,0.3177842565597668,0.21506572661536336,51,436,8,48,301,398,426,0,0,6,105,0.9583660644147682,0.07123218210220306,1.0,0.0033853953046300567,1.0,0.003186910991169751,1.0,0.001399270609655031,0.9931192660550459,0.0028063161860490144,,,,,,,,,,shared,8.0,0.015329535827656685,3.0,0.14881353517545537,0.021468305570530307,0.9838180539907125,0.12353076379619583,ee9aa8fc1012eaf21388fadb8d04a63e71b92918961d447138e696c6febb1313,0.9460674905263723,0.00379586097500384,0.004721735402733056,0.030155355028558053,0.01525955806733293,,,,full surface
w_proj_chi_s050_0.03,c028b6ad,0.5,projection,chi_square,0.03,,800,19618.148358112387,0.012347357503025694,0.6515762513438936,0.3319652846940322,0.3319652846940322,36287.945780887014,0.6432866378233009,382.11681696846296,210.83329302206303,44.41518917102108,33.241352696568825,18.61944460924063,79.51429776629136,580.4157262673019,1020.1338677911739,56.68587293261496,65.01578864801904,0.013399269070281782,0.9551468939224041,0.022687491286373863,0.3177842565597668,0.21506572661536336,51,436,12,48,302,401,426,0,0,9,117,0.9667452212621105,0.06307772188914414,1.0,0.001513090195982855,1.0,0.0011505342167194073,1.0,0.0018510160184523304,0.8325688073394495,0.04081929789961197,,,,,,,,,,shared,1.0,0.013399269070281782,73.0,0.4588349824830299,0.022687491286373863,0.9786453428567811,0.15140596838124185,ba36f887407181dc6641596b4a200e6b18017cd815d7806ac4f523da3204f1d1,0.9687379973485956,0.0020040623164062125,0.001542125468876197,0.008345668006424929,0.019370146859697,,,,full surface
w_pop4_proj_chi_s050_0.1,5b51c776,0.5,projection,chi_square,0.1,,800,21904.152818110775,0.013786133161455221,0.6350599563367075,0.23836904503766265,0.23836904503766265,36287.945780887014,0.6273673486221418,421.66912427080894,212.41863566706576,48.71093673556442,37.87183214359533,27.365359281767578,79.51429776629136,608.0852597480019,1020.1338677911739,57.330740809744256,69.88760587099108,0.017946243473755383,0.9360843238394259,0.029664922342950532,0.3177842565597668,0.21506572661536336,51,436,8,47,245,395,425,0,0,2,28,0.9402985074626866,0.07909417211935599,0.9901960784313726,0.008975812606732966,0.9803921568627451,0.010956287435351186,1.0,0.0013319861760298837,0.8738532110091743,0.031419234552829425,,,,,,,,,,shared,4.0,0.020504532706199282,55.0,0.40988689460799416,0.029664922342950532,0.9637353738638037,0.13699576231689864,d6fb340ea8e08376b2319ca1f1afa0a710ee03a1d01f5cc4757d41abbecae1ab,0.9313635786417287,0.008812457133096863,0.014269672191736478,0.010255386107871103,0.035298905925566955,,,,full surface
w_pop8_proj_chi_s050_0.1,5b51c776,0.5,projection,chi_square,0.1,,800,22145.880887007912,0.013938273049007594,0.6337525692314274,0.23197888733374988,0.23197888733374988,36287.945780887014,0.6260143408784319,429.67001472263945,211.5322253832141,49.092838375058086,38.4139995059249,26.558698951050122,79.51429776629136,609.2076622947216,1020.1338677911739,58.22314111624752,71.02143940271861,0.0163884203064595,0.9365328549002019,0.03020291958807098,0.3177842565597668,0.21506572661536336,51,436,7,47,233,393,425,0,0,1,23,0.9332285938727416,0.08344579197842829,0.9803921568627451,0.011976776906696065,0.9607843137254902,0.013019710150790407,1.0,0.0015107079280461545,0.944954128440367,0.01681648344138124,,,,,,,,,,shared,8.0,0.022249619091514176,24.0,0.3624850847732174,0.03020291958807098,0.9657345304518502,0.12353076379619583,ee9aa8fc1012eaf21388fadb8d04a63e71b92918961d447138e696c6febb1313,0.918153055241648,0.011065119770159882,0.015288345375511318,0.022667989493758995,0.03282549011892155,,,,full surface
w_proj_chi_s050_0.1,c028b6ad,0.5,projection,chi_square,0.1,,800,21750.797440802802,0.013689613671742528,0.6354431902510699,0.23570299117558158,0.23570299117558158,36287.945780887014,0.627867347435111,414.90353409291987,215.55363068835234,48.853215897103695,37.953094173064216,27.727748987097925,79.51429776629136,609.1748043015693,1020.1338677911739,61.16284266112502,67.33398800791335,0.019210836823163997,0.9228526575465351,0.03144262821645128,0.3177842565597668,0.21506572661536336,51,436,8,47,240,396,426,0,0,2,28,0.9455354804922754,0.07387843172856863,0.9901960784313726,0.007110761443418756,1.0,0.00473113409893527,1.0,0.005007462750472406,0.6903669724770642,0.07661618567337536,,,,,,,,,,shared,1.0,0.019210836823163997,135.0,0.5044324864631118,0.03144262821645128,0.9598000285354426,0.15140596838124185,ba36f887407181dc6641596b4a200e6b18017cd815d7806ac4f523da3204f1d1,0.9341013410811966,0.008291754866351217,0.006185264856047162,0.015863293857378866,0.03555834533902632,,,,full surface
w_proj_chi_s050_0.2,5b51c776,0.5,projection,chi_square,0.2,,800,23363.044502035373,0.014704336900706655,0.6210277628381478,0.1826639476746887,0.1826639476746887,36287.945780887014,0.613628247997814,438.13960724591703,218.9986853331946,51.89411448885525,41.21860788902757,30.960808055920918,79.51429776629136,645.1602502689817,1020.1338677911739,67.79570629407112,71.5632117499249,0.026821067171417006,0.8923525454137698,0.04178118258259072,0.3177842565597668,0.21506572661536336,51,436,4,47,178,391,422,0,0,1,10,0.9203980099502488,0.0939519318466434,0.9607843137254902,0.019928754710348863,0.9803921568627451,0.011677296972451323,1.0,0.008617910972187073,0.6077981651376146,0.09154038383269553,,,,,,,,,,shared,1.0,0.026821067171417006,171.0,0.5149077679175972,0.04178118258259072,0.9424254999110263,0.15140596838124185,ba36f887407181dc6641596b4a200e6b18017cd815d7806ac4f523da3204f1d1,0.9201344537369002,0.015958088998395886,0.010685411196160068,0.018203776777384825,0.03501826929115903,,,,full surface
w_proj_chi_s050_0.3,5b51c776,0.5,projection,chi_square,0.3,,800,24816.0755932921,0.015618852074068542,0.607175233191018,0.14236789269207373,0.14236789269207373,36287.945780887014,0.5998458036293887,460.08900358205074,227.72912009198353,55.41111899640853,43.89928172716567,34.060178309899136,79.51429776629136,683.5900267380025,1020.1338677911739,71.29206926851879,75.6862487084098,0.03497666803941828,0.8566943260820812,0.05295872327613035,0.3177842565597668,0.21506572661536336,51,436,3,47,125,388,421,0,0,0,2,0.8829536527886881,0.1138139552947508,0.9117647058823529,0.029941977739155187,0.9803921568627451,0.019675545492461022,1.0,0.009159647459820548,0.5825688073394495,0.09579777159862425,,,,,,,,,,shared,1.0,0.03497666803941828,182.0,0.5165862483824567,0.05295872327613035,0.914553661970722,0.15140596838124185,ba36f887407181dc6641596b4a200e6b18017cd815d7806ac4f523da3204f1d1,0.9247784367719634,0.018246784595736275,0.012949064695882109,0.014767892502060165,0.029257821434358237,,,,full surface
w_pop4_proj_s050_0,5b51c776,0.5,projection,record,0.0,,800,14201.46411771465,0.008938180674696762,0.6981567012273155,0.6389328989394264,0.6389328989394264,36287.945780887014,0.6864714493045315,323.6232712075219,208.27740890373624,34.22500666803396,21.749804913922276,11.49319424970673,79.51429776629136,483.0174988576422,1020.1338677911739,48.72953941990578,52.583006132375566,0.009506015140809959,0.9719668087015025,0.01773506511517451,0.3177842565597668,0.21506572661536336,51,436,20,50,348,410,427,0,21,45,367,0.9672689185650694,0.0713450990601081,1.0,0.0015909592198227653,1.0,0.001236109483595848,1.0,0.0009203889785101725,1.0,0.0010445811166116827,,,,,,,,,,shared,4.0,0.011073572187401393,0.0,0.003347001602800911,0.01773506511517451,0.9843930012626955,0.13699576231689864,d6fb340ea8e08376b2319ca1f1afa0a710ee03a1d01f5cc4757d41abbecae1ab,0.9752000114419793,0.0022403649255562782,0.002194682667333379,0.013934091183508888,0.006430849781622125,,,,full surface
w_pop8_proj_s050_0,5b51c776,0.5,projection,record,0.0,,800,14114.38495921988,0.008883374406471507,0.7134481766419831,0.5844893747932224,0.5844893747932224,36287.945780887014,0.7025259716498761,346.20235106678984,208.43979345073262,33.66342538638193,21.71079757764433,11.646528930983832,79.51429776629136,472.2738973788585,1020.1338677911739,46.425253970018794,52.88424126579098,0.008822914592867675,0.967930029154519,0.018846259919051526,0.3177842565597668,0.21506572661536336,51,436,20,50,348,406,427,0,18,42,372,0.9625556428384394,0.06979501552220282,1.0,0.0017760576378754317,1.0,0.0013494734931543014,1.0,0.0011791641913639185,1.0,0.00117923963731165,,,,,,,,,,shared,8.0,0.012103193034248947,0.0,0.00478233485043301,0.018846259919051526,0.9860728464060788,0.12353076379619583,ee9aa8fc1012eaf21388fadb8d04a63e71b92918961d447138e696c6febb1313,0.9520539559457326,0.0018857712193905616,0.0018982963984710752,0.029612685718341514,0.014549290718064165,,,,full surface
w_release_repro,c028b6ad,0.5,projection,record,0.0,,800,13707.43660075523,0.008627247437936544,0.6864575238066338,0.7572094369809602,0.7572094369809602,36287.945780887014,0.6736119830147823,306.219691894219,208.3293514890319,33.841631756927455,20.24521656127146,10.780630052140914,79.51429776629136,478.0008231470421,1020.1338677911739,46.61601428415888,53.30312122850733,0.009697458666235052,0.9717425431711146,0.016916666579379527,0.3177842565597668,0.21506572661536336,51,436,22,50,351,413,428,0,28,46,368,0.9698874050798638,0.06941820881368435,1.0,0.0011891373021386598,1.0,0.0009897895339551761,1.0,0.0006478848457664502,0.9747706422018348,0.008058477382559144,,,,,,,,,,shared,1.0,0.009697458666235052,11.0,0.333820009814339,0.016916666579379527,0.98274136869738,0.15140596838124185,ba36f887407181dc6641596b4a200e6b18017cd815d7806ac4f523da3204f1d1,0.9890417277331881,0.00183284701377955,0.0019809008824069525,0.0027914204484655245,0.004353103922160055,,,,full surface
w_soft_chi_s050_0,c028b6ad,0.5,softmax,chi_square,0.0,,800,14424.037888743822,0.009078265145031465,0.6557540381783147,0.7721062035983809,0.7721062035983809,36287.945780887014,0.6430137461231515,315.23499418930766,206.5873471579698,35.863620192776395,21.446985401346822,10.819882233395193,79.51429776629136,497.2774780915264,1020.1338677911739,45.94798147288278,58.77331518903982,0.009326571921811156,0.9715182776407266,0.016128824751327753,0.3177842565597668,0.21506572661536336,51,436,22,50,343,411,428,0,17,45,325,0.9701492537313433,0.0664651384640815,1.0,0.0014841275752354945,1.0,0.0012159948043670354,1.0,0.0009216650088740493,0.9701834862385321,0.007162962058946609,,,,,,,,,,shared,1.0,0.009326571921811156,13.0,0.3548544941496727,0.016128824751327753,0.9827591702236186,0.15140596838124185,ba36f887407181dc6641596b4a200e6b18017cd815d7806ac4f523da3204f1d1,0.9859992055693426,0.0025590318650672034,0.0026993055996666795,0.0042271466532831144,0.004515310312640429,,,,full surface
w_soft_chi_s050_0.01,c028b6ad,0.5,softmax,chi_square,0.01,,800,18166.7336270479,0.011433859641633466,0.6461172115656075,0.4492919649770569,0.4492919649770569,36287.945780887014,0.636638522871244,355.95618702268985,210.34077686595214,41.31560231761238,29.728364462918385,16.175484147656874,79.51429776629136,560.1189407162963,1020.1338677911739,50.943045119380955,63.4667225779999,0.011251366780732566,0.9656873738506392,0.018907174170086992,0.3177842565597668,0.21506572661536336,51,436,15,49,307,405,427,0,0,27,202,0.969363707776905,0.06420608260382729,1.0,0.0010320010970757696,1.0,0.000934607346747972,1.0,0.0007538456626680682,0.9174311926605505,0.020324673406454927,,,,,,,,,,shared,1.0,0.011251366780732566,36.0,0.45987756490370424,0.018907174170086992,0.9826136758512144,0.15140596838124185,ba36f887407181dc6641596b4a200e6b18017cd815d7806ac4f523da3204f1d1,0.9845283977744607,0.001449600257146113,0.001632929777554827,0.00301591367387095,0.009373158516967454,,,,full surface
w_soft_chi_s050_0.03,c028b6ad,0.5,softmax,chi_square,0.03,,800,20387.398510287007,0.012831511586518967,0.6331281672981395,0.3119067749274023,0.3119067749274023,36287.945780887014,0.625076847755608,397.48638284536827,215.45140187898923,45.789218748306084,34.40973190666412,19.67790879754764,79.51429776629136,604.5215134668622,1020.1338677911739,56.96757026267037,69.32869581962159,0.013866082011349371,0.9529042386185244,0.023095224266329803,0.3177842565597668,0.21506572661536336,51,436,8,48,278,399,426,0,0,6,79,0.964126734747316,0.06606821081196802,1.0,0.0016383740659609096,1.0,0.0011385813889170852,1.0,0.0018461650161542447,0.8325688073394495,0.04189817695564686,,,,,,,,,,shared,1.0,0.013866082011349371,73.0,0.4544857368466667,0.023095224266329803,0.9777186053762382,0.15140596838124185,ba36f887407181dc6641596b4a200e6b18017cd815d7806ac4f523da3204f1d1,0.9682705435126007,0.0021372300127491944,0.0017724395290970665,0.008278174588364292,0.019541612357188768,,,,full surface
w_soft_chi_s050_0.1,c028b6ad,0.5,softmax,chi_square,0.1,,800,23507.098954419078,0.014795002532906786,0.6061245945786321,0.1939460875066448,0.1939460875066448,36287.945780887014,0.598949124018104,446.6111948039536,224.26616575561758,53.25434503934977,41.27829142739025,28.806138092969796,79.51429776629136,651.1016912855501,1020.1338677911739,65.19892462385852,72.0895107516221,0.02083754377198159,0.9165732226956717,0.03317709450306303,0.3177842565597668,0.21506572661536336,51,436,4,47,175,389,423,0,0,1,10,0.9387274155538099,0.08338484313881368,0.9901960784313726,0.009348906056776164,0.9803921568627451,0.006691615225366855,1.0,0.004447132387387996,0.6880733944954128,0.07444192089553783,,,,,,,,,,shared,1.0,0.02083754377198159,136.0,0.46156460814673006,0.03317709450306303,0.9550507172845739,0.15140596838124185,ba36f887407181dc6641596b4a200e6b18017cd815d7806ac4f523da3204f1d1,0.935955654634946,0.010960734637712693,0.00812797947722471,0.013374889168191639,0.03158074208192493,,,,full surface
w_soft_chi_s050_0.3,c028b6ad,0.5,softmax,chi_square,0.3,,800,28505.57860538254,0.017940967895969384,0.5655105374136324,0.08655369472179296,0.08655369472179296,36287.945780887014,0.5587847811105042,535.4438606970506,248.32546207087162,63.92263133882969,51.26458290110814,37.17321531483333,79.51429776629136,772.2799595826183,1020.1338677911739,78.81113881895018,87.61583858504119,0.04078859813350405,0.8326979143305674,0.059345080467640254,0.3177842565597668,0.21506572661536336,51,436,2,46,36,374,420,0,0,0,0,0.8557213930348259,0.1181242034835933,0.8137254901960784,0.046828137004451716,0.9411764705882353,0.026279535309884482,1.0,0.00920131278005563,0.6032110091743119,0.0896589872694139,,,,,,,,,,shared,1.0,0.04078859813350405,173.0,0.4724046356219311,0.059345080467640254,0.8885057485480085,0.15140596838124185,ba36f887407181dc6641596b4a200e6b18017cd815d7806ac4f523da3204f1d1,0.9263594821542299,0.023171399442602755,0.014463132892382628,0.012801642100707895,0.023204343410076676,,,,full surface
w_soft_chi_s050_1,c028b6ad,0.5,softmax,chi_square,1.0,,800,33058.07308256111,0.020806237125979548,0.5318542679401052,0.024424052656659923,0.024424052656659923,36287.945780887014,0.5252194547442317,629.4284750773191,314.34452879399834,72.98085674414774,58.04180184556656,44.26329153221759,79.51429776629136,900.6557299843755,1020.1338677911739,89.9190460613342,100.51726388845402,0.07415869377638351,0.6546310832025117,0.11032925517678036,0.3177842565597668,0.21506572661536336,51,436,0,45,7,348,417,0,0,0,0,0.6585493584708039,0.17834588885680344,0.5784313725490197,0.11386526657599734,0.7843137254901961,0.05366042736516397,1.0,0.019421238346394417,0.5825688073394495,0.09658494022380214,,,,,,,,,,shared,1.0,0.07415869377638351,182.0,0.44982497863917076,0.11032925517678036,0.7659328307183044,0.15140596838124185,ba36f887407181dc6641596b4a200e6b18017cd815d7806ac4f523da3204f1d1,0.9315308734819822,0.024611340724606516,0.014107849182486087,0.014413308640665892,0.0153366279702596,,,,full surface
w_soft_chi_s900_0,c028b6ad,0.9,softmax,chi_square,0.0,,800,81713.71833944067,0.051429343627193355,0.2998008705635682,1.735564842353497,2.4379183035417693,479159.1558341447,0.24305718865812453,1564.1695378122968,608.5137110783086,197.5956908044416,119.06051523506419,63.74161819150207,1111.254311290977,2502.529177386416,12754.412733842577,217.26100116314726,279.58518475120366,0.016958780846225097,0.957613814756672,0.030328317080334993,0.19825072886297376,0.33558248166548904,51,436,0,11,0,16,222,34,371,51,436,0.9510343021733438,0.12500361267635557,1.0,0.0008128296732201505,1.0,0.0009774137270520337,1.0,0.0008803822031406925,0.9954128440366973,0.0022419797106481704,,,,,,,,,,shared,1.0,0.016958780846225097,2.0,0.12056474959707669,0.030328317080334993,0.9712328773900522,0.2535349394527924,ba36f887407181dc6641596b4a200e6b18017cd815d7806ac4f523da3204f1d1,0.99469958892045,0.0007271548803644966,0.00103893332674426,0.0023813647455221644,0.0011529581269192,,,,full surface
w_soft_chi_s900_0.01,c028b6ad,0.9,softmax,chi_square,0.01,,800,112432.34156502793,0.0707631673929939,0.2604060567305803,1.1884580341704454,1.8524683872847134,479159.1558341447,0.21755031960385793,1825.2199294945456,629.654844450044,270.4970667659897,172.34523574507736,75.00350690700769,1111.254311290977,3053.9573555803354,12754.412733842577,262.01058668636006,356.26985891736683,0.019931516093487978,0.9517829109665844,0.03279202580103225,0.19825072886297376,0.33558248166548904,51,436,0,9,0,1,84,22,220,51,436,0.9455354804922754,0.128523598089783,1.0,0.0018404363242879615,1.0,0.000887606703310155,1.0,0.0014748100180270664,0.9839449541284404,0.006087032963694846,,,,,,,,,,shared,1.0,0.019931516093487978,7.0,0.1578427559479986,0.03279202580103225,0.9631532630311148,0.2535349394527924,ba36f887407181dc6641596b4a200e6b18017cd815d7806ac4f523da3204f1d1,0.9907192515419638,0.001653676134820781,0.000928735930511617,0.004853317578848965,0.001845018813854516,,,,full surface
w_hold1_pop8_proj_chi_s050_0.03,5b51c776,0.5,projection,chi_square,0.03,1.0,800,20426.78544639983,0.012856301111618708,0.6407203177827673,0.29596778999818635,0.29596778999818635,36287.945780887014,0.6324780506009094,413.12107846393604,218.91493523994944,46.08837874604388,34.025029446150484,18.997024570989655,79.51429776629136,575.0423753076946,1020.1338677911739,53.08825802342113,67.09198647580438,0.00983021719538296,0.967479674796748,0.02153442716379875,0.31903560414914495,0.2150931835500843,51,436,6,48,278,397,424,0,0,3,77,0.9620418848167539,0.08160405976673393,1.0,0.0026134463298967364,1.0,0.002197222363551801,1.0,0.001235414403157635,1.0,0.001625531530252055,0.6816143497757847,0.11194874907310758,0.312780269058296,0.2149559296577964,0.6710353866317169,0.6842105263157895,1.0,1.0,0.686046511627907,shared,8.0,0.013511048275175916,0.0,0.042009489235668426,0.02153442716379875,0.985052753055775,0.1226329978008713,063f1454124a05d9505981bc798765cc535b44b8e877f7b231f248403d310b15,0.9477988022573867,0.002872853815703997,0.002815329493351004,0.028170280155571013,0.018342734277987324,0.07017746656468067,0.8257819654025129,0.15720910755657447,holdout
w_hold1_proj_chi_s050_0.03,c028b6ad,0.5,projection,chi_square,0.03,1.0,800,20277.73838311103,0.012762493207752903,0.638275585521997,0.3143734180739532,0.3143734180739532,36287.945780887014,0.629888106223336,402.0162340107928,212.44597750438135,46.16471899712677,34.38296293066287,17.93303547775009,79.51429776629136,582.5386170151229,1020.1338677911739,54.94174335404239,67.1975126318334,0.011648725444715229,0.95878889823381,0.021574860596773833,0.31903560414914495,0.2150931835500843,51,436,8,48,269,398,425,0,0,7,88,0.9676047120418848,0.0767476938755465,1.0,0.0016090193811371647,1.0,0.00103318801228896,1.0,0.0015829189823605707,0.8628571428571429,0.02989722597645914,0.6591928251121076,0.11496851213184454,0.312780269058296,0.2149559296577964,0.653997378768021,0.631578947368421,1.0,1.0,0.6162790697674418,shared,1.0,,48.0,0.4297404194265729,0.021574860596773833,0.9810527475447427,0.15010848929215245,0c97f037f4f2920419a9b2bbc120f3753030a88a8ef3f55c9e60da8c5afdacdd,0.9703660583450011,0.002204563335531217,0.0017104593964108073,0.00664492740370927,0.01907399151934769,0.07186037862886273,0.8040040770695143,0.15720910755657447,holdout
w_hold_pop8_proj_chi_s050_0.03,5b51c776,0.5,projection,chi_square,0.03,0.0,800,20780.151110231367,0.013078703965393528,0.6369068836120106,0.2840461765552668,0.2840461765552668,36287.945780887014,0.6286381020915522,406.493723478361,218.3868600756847,46.2908325475193,35.427383612246615,20.71685175661764,79.51429776629136,582.7688588997204,1020.1338677911739,54.96296525793804,66.98188163035566,0.009911533964342469,0.967479674796748,0.019654328663446966,0.3218390804597701,0.2141608858467934,51,436,6,48,274,397,426,0,0,1,53,0.9619047619047619,0.058393931552020474,1.0,0.002055023638479344,1.0,0.002448018290151099,1.0,0.001306200675314959,1.0,0.0016640777803132282,0.649103139013453,0.11677511853843929,0.3015695067264574,0.2186840752941625,0.6550387596899225,0.7058823529411765,0.75,1.0,0.5555555555555556,shared,8.0,0.014177886297765967,0.0,0.02301054349536301,0.019654328663446966,0.9847934246785605,0.11950220579528668,bf719a1c5f8030b4aab4dd2ae40a18d910dee3eea4c93dc1595f23be19f803e9,0.9421782409410346,0.0025486885543734,0.003838116960471094,0.03383818439155556,0.017596769152565413,0.07060681649653947,0.8030432937074936,0.158009602699063,holdout
w_hold_proj_chi_s050_0.03,c028b6ad,0.5,projection,chi_square,0.03,0.0,800,20497.425496280946,0.01290076086052019,0.6363183119009268,0.3106865503577459,0.3106865503577459,36287.945780887014,0.6279457739775044,388.75845371905405,214.98878653737114,46.24346059883134,34.828233452163346,20.50514744700357,79.51429776629136,581.4551060770671,1020.1338677911739,55.36619620184761,66.4193013727482,0.012013584063645097,0.9632744603308102,0.019591570862488073,0.3218390804597701,0.2141608858467934,51,436,8,48,275,399,426,0,0,5,76,0.9681444991789819,0.053557343270882844,1.0,0.0012828847717389806,1.0,0.0011835010803643213,1.0,0.001278383905104237,0.9017341040462428,0.02406335296872355,0.6401345291479821,0.1200918835110436,0.3015695067264574,0.2186840752941625,0.6511627906976745,0.7058823529411765,0.75,1.0,0.5,shared,1.0,,34.0,0.33761776430196017,0.019591570862488073,0.9797161620033943,0.14935366213605006,4b280552910c855b780ec37c0efae9fa1df3fc0ab35371001f3198450e90d84f,0.9759242698831082,0.0017883474867955154,0.0022963680838104547,0.005166681569698237,0.014824332976587645,0.07225541118614215,0.7933017873648206,0.158009602699063,holdout
w_hold1_pop8_proj_chi_s050_0.1,5b51c776,0.5,projection,chi_square,0.1,1.0,800,22663.90835644093,0.014264311482641533,0.6253479195674774,0.21837865264101072,0.21837865264101072,36287.945780887014,0.6175899228557478,447.6004644864345,219.32676667394935,50.69713751582147,38.67608597047911,27.908119094048622,79.51429776629136,617.0171779289774,1020.1338677911739,56.55086266117261,70.1615349206537,0.014994473788516505,0.9422483880011214,0.02864073253116012,0.31903560414914495,0.2150931835500843,51,436,3,47,206,388,423,0,0,0,17,0.93717277486911,0.09351798361374944,0.9879518072289156,0.007321256018338573,0.9743589743589743,0.01074671669939597,1.0,0.0015883268321349705,0.9657142857142857,0.010281091783471396,0.6771300448430493,0.11366489679704009,0.312780269058296,0.2149559296577964,0.6684141546526867,0.6842105263157895,1.0,1.0,0.6627906976744186,shared,8.0,0.020407469020971344,12.0,0.286027364599878,0.02864073253116012,0.9693827096616552,0.1226329978008713,063f1454124a05d9505981bc798765cc535b44b8e877f7b231f248403d310b15,0.9269065379001206,0.005264819608514034,0.012413786983815362,0.02424708443399652,0.031167771073553684,0.07137282600398537,0.8153463792946393,0.15720910755657447,holdout
w_hold1_proj_chi_s050_0.1,c028b6ad,0.5,projection,chi_square,0.1,1.0,800,22105.00997213822,0.013912549530755011,0.628550638189278,0.22747044255511922,0.22747044255511922,36287.945780887014,0.6209234626276647,429.4649271926548,216.82081856764376,49.87546516229659,38.15316791625739,26.015218727017455,79.51429776629136,623.0733160368942,1020.1338677911739,60.933219012314,70.33149802741383,0.01735523047970867,0.9374824782730586,0.02933037764897328,0.31903560414914495,0.2150931835500843,51,436,6,47,220,390,424,0,0,0,22,0.9535340314136126,0.08609661050458936,0.9879518072289156,0.004875344169459098,1.0,0.002800331247732159,1.0,0.00531683660623578,0.7714285714285715,0.061008539273951216,0.6625560538116592,0.11342728915283971,0.312780269058296,0.2149559296577964,0.6631716906946264,0.6842105263157895,1.0,1.0,0.5581395348837209,shared,1.0,,80.0,0.48649966034944536,0.02933037764897328,0.9690459811776828,0.15010848929215245,0c97f037f4f2920419a9b2bbc120f3753030a88a8ef3f55c9e60da8c5afdacdd,0.9398050939023278,0.005220154441619533,0.003142198938267259,0.01659353707221747,0.03523901564556782,0.07038003430660453,0.8159714804505004,0.15720910755657447,holdout
w_hold_pop8_proj_chi_s050_0.1,5b51c776,0.5,projection,chi_square,0.1,0.0,800,22904.22672581604,0.014415564127236385,0.6229761010827635,0.21464533843216108,0.21464533843216108,36287.945780887014,0.6151769894488928,435.00305223865513,215.59404923188188,51.03251805251661,39.6938620643428,26.14617093370755,79.51429776629136,623.1640287170962,1020.1338677911739,59.07318424769034,69.4232661578966,0.014664513767752374,0.9456125595738716,0.027015878194158318,0.3218390804597701,0.2141608858467934,51,436,4,47,201,393,425,0,0,1,10,0.9402298850574713,0.06369304577749582,0.9882352941176471,0.008197740465643933,0.9574468085106383,0.008984190044185715,1.0,0.0013332123904970488,0.9739884393063584,0.0087997926935729,0.6266816143497758,0.12071929387631372,0.3015695067264574,0.2186840752941625,0.6356589147286822,0.5882352941176471,0.75,1.0,0.5222222222222223,shared,8.0,0.02099529760991398,9.0,0.22476236768085478,0.027015878194158318,0.9701227100485623,0.11950220579528668,bf719a1c5f8030b4aab4dd2ae40a18d910dee3eea4c93dc1595f23be19f803e9,0.9277758400166027,0.009281920800841873,0.012217515508170539,0.023781597273121482,0.026943126401263534,0.07343105196396164,0.783123067188212,0.158009602699063,holdout
w_hold_proj_chi_s050_0.1,c028b6ad,0.5,projection,chi_square,0.1,0.0,800,22442.919114829205,0.014125224290481821,0.6245765072970589,0.22177855512373268,0.22177855512373268,36287.945780887014,0.6169240963408622,425.41288827909364,214.16725305718813,50.876145102795135,39.400794085895676,23.579165220483844,79.51429776629136,616.8356500082454,1020.1338677911739,61.69386605767867,68.27563078106854,0.01761427420271179,0.9388842164283712,0.02770139498226803,0.3218390804597701,0.2141608858467934,51,436,5,47,201,394,425,0,0,1,19,0.954351395730706,0.052839887028222315,1.0,0.0039134259964111835,1.0,0.0039030114460892242,1.0,0.0038684237247209887,0.7716763005780347,0.06065734752043468,0.6434977578475336,0.11823233582252969,0.3015695067264574,0.2186840752941625,0.6550387596899225,0.6470588235294118,0.75,1.0,0.5111111111111111,shared,1.0,,79.0,0.43037048454549576,0.02770139498226803,0.9661719001345902,0.14935366213605006,4b280552910c855b780ec37c0efae9fa1df3fc0ab35371001f3198450e90d84f,0.9385186348880963,0.005173316478035376,0.006258738347067104,0.01472772680988719,0.0353215834769141,0.0712639328282424,0.79455739523002,0.158009602699063,holdout
w_hold1_proj_chi_s050_0.2,5b51c776,0.5,projection,chi_square,0.2,1.0,800,23751.235205925903,0.014948658093145061,0.6150156388114356,0.1760239221199726,0.1760239221199726,36287.945780887014,0.6075737290981171,450.1207277243362,224.9401086586488,52.84151905408998,41.833503492759746,31.543941796617286,79.51429776629136,654.1654831532892,1020.1338677911739,66.54097960109898,73.7895709963172,0.024847896599477146,0.9007569386038689,0.03933637971225509,0.31903560414914495,0.2150931835500843,51,436,4,47,167,386,423,0,0,0,9,0.9257198952879581,0.11103600205399174,0.963855421686747,0.012860790619369152,0.9743589743589743,0.008947463068934297,1.0,0.007916578879425153,0.6485714285714286,0.08195787425840179,0.6457399103139013,0.11757307717568102,0.312780269058296,0.2149559296577964,0.6435124508519003,0.631578947368421,1.0,1.0,0.5697674418604651,shared,1.0,0.024487021328215997,123.0,0.5084193327937404,0.03933637971225509,0.9439036473751468,0.15010848929215245,0c97f037f4f2920419a9b2bbc120f3753030a88a8ef3f55c9e60da8c5afdacdd,0.9262279057157516,0.008704206743541488,0.00795924000785985,0.016702139352816496,0.0404065081800306,0.07347420383056921,0.7960202761645334,0.15720910755657447,holdout
w_hold_proj_chi_s050_0.2,5b51c776,0.5,projection,chi_square,0.2,0.0,800,24007.395559252665,0.015109881436087057,0.6123917440539259,0.17208960419167543,0.17208960419167543,36287.945780887014,0.6049300076789146,455.05085538713746,221.05923375703836,53.86792594980895,42.4440045164428,29.83441272126927,79.51429776629136,658.0610350991956,1020.1338677911739,68.0263415088978,71.8984059919557,0.025076911578886356,0.9058031959629941,0.03764271393366595,0.3218390804597701,0.2141608858467934,51,436,3,47,152,389,423,0,0,0,4,0.9303776683087028,0.07113975204881763,0.9647058823529412,0.01414396238667426,0.9787234042553191,0.00800680398323589,1.0,0.006914818422491309,0.653179190751445,0.0792398778411404,0.6311659192825112,0.12206680196862253,0.3015695067264574,0.2186840752941625,0.6421188630490956,0.5882352941176471,0.75,1.0,0.5111111111111111,shared,1.0,0.02517085036766898,120.0,0.4788346635067521,0.03764271393366595,0.9463088551544323,0.14935366213605006,4b280552910c855b780ec37c0efae9fa1df3fc0ab35371001f3198450e90d84f,0.9223905296037778,0.014519248309519232,0.00892560094767076,0.01672286756854618,0.03744175357048609,0.07502411017646406,0.7769805286320881,0.158009602699063,holdout
w_hold1_proj_chi_s050_0.3,5b51c776,0.5,projection,chi_square,0.3,1.0,800,25029.94335105899,0.015753457115039515,0.6036258638845609,0.14067934443255148,0.14067934443255148,36287.945780887014,0.596280684854388,469.0613996422565,230.64049169622567,55.55563490258763,44.20499577347958,34.41043947103661,79.51429776629136,692.7058874951532,1020.1338677911739,72.69563353760005,78.45363309488992,0.032510669458258326,0.8685169610316793,0.049950440894865715,0.31903560414914495,0.2150931835500843,51,436,3,47,113,383,421,0,0,0,1,0.8929973821989529,0.12356016611976167,0.9518072289156626,0.023442814654902704,0.9743589743589743,0.014508717440091837,1.0,0.00946443133412336,0.6085714285714285,0.08933463011291402,0.6311659192825112,0.12237909344758843,0.312780269058296,0.2149559296577964,0.6277850589777195,0.631578947368421,1.0,1.0,0.5581395348837209,shared,1.0,0.032053356476477224,137.0,0.5121319783221224,0.049950440894865715,0.9201465062286159,0.15010848929215245,0c97f037f4f2920419a9b2bbc120f3753030a88a8ef3f55c9e60da8c5afdacdd,0.9269725649422097,0.012713799212974879,0.009610080712939907,0.014913210255005485,0.03579034487686997,0.07711638905646784,0.771780748011389,0.15720910755657447,holdout
w_hold_proj_chi_s050_0.3,5b51c776,0.5,projection,chi_square,0.3,0.0,800,25244.565769108187,0.01588853712745676,0.6017022801634304,0.13752382998308052,0.13752382998308052,36287.945780887014,0.5942936529248134,475.73122889999127,222.40429945886348,56.57132229661049,44.49911200067767,33.95305849223728,79.51429776629136,703.9502833938324,1020.1338677911739,74.14273805193481,77.23171592363855,0.03245903875238433,0.872161480235492,0.04786707253175416,0.3218390804597701,0.2141608858467934,51,436,3,47,118,387,421,0,0,0,1,0.8945812807881773,0.0907828297161756,0.9294117647058824,0.024063656482021308,0.9574468085106383,0.0133719901348305,1.0,0.008507602765919437,0.6329479768786127,0.08627899938981637,0.5964125560538116,0.1273025505803161,0.3015695067264574,0.2186840752941625,0.6072351421188631,0.5294117647058824,0.75,1.0,0.4777777777777778,shared,1.0,0.032610200031389834,127.0,0.491363477717997,0.04786707253175416,0.9161733615509222,0.14935366213605006,4b280552910c855b780ec37c0efae9fa1df3fc0ab35371001f3198450e90d84f,0.921849577227928,0.0181205850097388,0.011060072270896438,0.015448990610011266,0.03352077488142549,0.08026939133932812,0.7417181292936955,0.158009602699063,holdout
w_hold1_pop8_proj_s050_0,5b51c776,0.5,projection,record,0.0,1.0,800,15092.978768887593,0.009499286132575802,0.6868812613681059,0.5420234557623923,0.5420234557623923,36287.945780887014,0.6760107093292553,354.68161984153943,219.70404827489904,35.53413089866521,23.517256968639956,9.664313648322308,79.51429776629136,411.7571688706567,1020.1338677911739,32.29165288297473,49.15140019413161,0.0079373182211233,0.9702831511073732,0.019640284606824196,0.31903560414914495,0.2150931835500843,51,436,15,50,336,406,424,0,12,34,315,0.9653141361256544,0.08350279184878533,1.0,0.0015001595264326141,1.0,0.0013006643688320571,1.0,0.0012404256866912467,1.0,0.001459771030296109,0.67152466367713,0.1146862385256327,0.312780269058296,0.2149559296577964,0.6697247706422018,0.5789473684210527,1.0,1.0,0.6162790697674418,shared,8.0,0.01079979397046765,0.0,0.005445722345915425,0.019640284606824196,0.9876124095479247,0.1226329978008713,063f1454124a05d9505981bc798765cc535b44b8e877f7b231f248403d310b15,0.9372446129461651,0.0017422361364530239,0.0018771461657927522,0.037249389366329065,0.02188661538525994,0.0722209836897188,0.8105815585668364,0.15720910755657447,holdout
w_hold1_proj_s050_0,c028b6ad,0.5,projection,record,0.0,1.0,800,14730.3445509456,0.009271049794975245,0.664177730371821,0.6917530549176799,0.6917530549176799,36287.945780887014,0.6515310578158978,329.5199485340659,205.01450077447868,36.57520049312037,23.040338102859607,9.924058933484913,79.51429776629136,438.27291328456636,1020.1338677911739,37.946819242119076,49.65699919283073,0.008281426919755593,0.9733669750490609,0.017032389847814685,0.31903560414914495,0.2150931835500843,51,436,20,50,337,410,427,0,17,37,300,0.9705497382198953,0.08334984276664555,1.0,0.0014132292627775762,1.0,0.0009724905769984823,1.0,0.000743200709981328,0.9857142857142858,0.006309238170637162,0.6390134529147982,0.12251064515144477,0.312780269058296,0.2149559296577964,0.6382699868938401,0.5789473684210527,1.0,1.0,0.5581395348837209,shared,1.0,,5.0,0.3856184033361319,0.017032389847814685,0.9849270362570294,0.15010848929215245,0c97f037f4f2920419a9b2bbc120f3753030a88a8ef3f55c9e60da8c5afdacdd,0.985473687402616,0.0026609253632885782,0.002305452180803935,0.003568982330722648,0.005990952722569033,0.07828443562971098,0.79071404524407,0.15720910755657447,holdout
w_hold_pop8_proj_s050_0,5b51c776,0.5,projection,record,0.0,0.0,800,15112.552688979793,0.009511605653496038,0.6890986453578878,0.529213896859855,0.529213896859855,36287.945780887014,0.6783209269061072,345.58737948875483,217.07403244138519,36.25466023445865,23.500998659310476,9.883372083560484,79.51429776629136,487.64077903434696,1020.1338677911739,44.83715452755781,55.78577096075519,0.007817084950065684,0.9697224558452481,0.017256526381686236,0.3218390804597701,0.2141608858467934,51,436,15,50,334,406,426,0,8,35,325,0.9645320197044335,0.062102948565396776,1.0,0.001680542537587367,1.0,0.001645828439854844,1.0,0.0012941716667835205,1.0,0.0013644175964085156,0.647982062780269,0.12181707056966326,0.3015695067264574,0.2186840752941625,0.6550387596899225,0.6470588235294118,0.75,1.0,0.5555555555555556,shared,8.0,0.011069810058599005,0.0,0.005688078096004786,0.017256526381686236,0.9869513911309885,0.11950220579528668,bf719a1c5f8030b4aab4dd2ae40a18d910dee3eea4c93dc1595f23be19f803e9,0.934120069277492,0.002167782604812428,0.00269517283003553,0.04027751652025419,0.02073945876740595,0.07190387261712755,0.8090109524918097,0.158009602699063,holdout
w_hold_proj_s050_0,c028b6ad,0.5,projection,record,0.0,0.0,800,14470.994395252139,0.009107818840026925,0.6660932074856606,0.7155849386097066,0.7155849386097066,36287.945780887014,0.6534921231752623,315.32078642230414,214.66327643875408,36.13947543808666,21.624917917744323,9.76014523067428,79.51429776629136,443.5264076753972,1020.1338677911739,44.48003376210031,46.29668617770321,0.008363174030346048,0.9747687132043734,0.015053793930738683,0.3218390804597701,0.2141608858467934,51,436,21,50,339,413,428,0,21,41,318,0.9717569786535304,0.06192448982798869,1.0,0.0013821877951997216,1.0,0.0012250518121448412,1.0,0.0010868721916374264,0.9884393063583815,0.003755901709333871,0.6233183856502242,0.13142768230749002,0.3015695067264574,0.2186840752941625,0.627906976744186,0.7647058823529411,1.0,1.0,0.5111111111111111,shared,1.0,,4.0,0.22846539677138478,0.015053793930738683,0.9834033024972049,0.14935366213605006,4b280552910c855b780ec37c0efae9fa1df3fc0ab35371001f3198450e90d84f,0.9825005307258025,0.0032022201453385155,0.0034120375708561563,0.005927097687275361,0.004958113870727557,0.07858837734749374,0.7767709476111887,0.158009602699063,holdout
w_hold1_soft_chi_s050_0,c028b6ad,0.5,softmax,chi_square,0.0,1.0,800,15096.004499571209,0.009501190480416205,0.6426448644048217,0.7201618499750757,0.7201618499750757,36287.945780887014,0.6300108383832652,336.18503882865207,204.69087901587434,38.322692754212355,22.41434018115031,11.272855714233783,79.51429776629136,444.58834818327284,1020.1338677911739,37.572246333320535,55.13715772322576,0.007773479162859467,0.9744883655733109,0.01618307336387451,0.31903560414914495,0.2150931835500843,51,436,21,50,327,409,427,0,20,39,275,0.9718586387434555,0.08155142932805434,1.0,0.0012905457323266008,1.0,0.0009742290154878433,1.0,0.0008911602403505642,0.9857142857142858,0.005084452740326446,0.6322869955156951,0.12739988228919058,0.312780269058296,0.2149559296577964,0.6277850589777195,0.631578947368421,1.0,1.0,0.5697674418604651,shared,1.0,,5.0,0.3132663858949094,0.01618307336387451,0.9860472926938972,0.15010848929215245,0c97f037f4f2920419a9b2bbc120f3753030a88a8ef3f55c9e60da8c5afdacdd,0.9848782300323462,0.0025367069874161216,0.0023073719024578002,0.004934431651162754,0.005343259426616973,0.08228910231724691,0.7863786731339086,0.15720910755657447,holdout
w_hold_soft_chi_s050_0,c028b6ad,0.5,softmax,chi_square,0.0,0.0,800,15170.696696688654,0.009548200587774997,0.6368760576553214,0.7261116183405549,0.7261116183405549,36287.945780887014,0.624532930295143,311.07300792678825,214.07065491647526,38.82348981208158,22.105796887643763,8.466527089152448,79.51429776629136,453.03874467521354,1020.1338677911739,42.2726989537851,47.74226289338958,0.008133634679533116,0.975049060835436,0.01481153936616891,0.3218390804597701,0.2141608858467934,51,436,19,49,322,412,428,0,13,39,279,0.9714285714285714,0.06329631776638814,1.0,0.0016444217549169324,1.0,0.0012472099616496844,1.0,0.0007839016959065168,0.9942196531791907,0.0027086273125471742,0.600896860986547,0.13872195383681768,0.3015695067264574,0.2186840752941625,0.6175710594315246,0.5882352941176471,0.5,1.0,0.43333333333333335,shared,1.0,,2.0,0.2698420731183608,0.01481153936616891,0.9835637983118449,0.14935366213605006,4b280552910c855b780ec37c0efae9fa1df3fc0ab35371001f3198450e90d84f,0.9847048384644448,0.0031592078347404897,0.003459371866814959,0.00478085001726414,0.003895731816735712,0.0833093876068514,0.7674406406940015,0.158009602699063,holdout
w_hold1_soft_chi_s050_0.03,c028b6ad,0.5,softmax,chi_square,0.03,1.0,800,20935.827834059066,0.013176684474507453,0.6228312749794985,0.2987234159631988,0.2987234159631988,36287.945780887014,0.6146661583247642,415.71147615591525,218.00444997013946,47.521579608384364,35.26953957221365,18.179454672592044,79.51429776629136,601.2749038829376,1020.1338677911739,54.47625076322095,70.43878859602515,0.012324219079706381,0.9568264648163723,0.022580286254244547,0.31903560414914495,0.2150931835500843,51,436,4,48,256,396,423,0,0,4,63,0.9662958115183246,0.08269631983682978,1.0,0.001498539469785062,1.0,0.0010816284431510042,1.0,0.001829355626958772,0.8542857142857143,0.030702303847869865,0.6569506726457399,0.11540041854926937,0.312780269058296,0.2149559296577964,0.653997378768021,0.631578947368421,0.9166666666666666,1.0,0.6046511627906976,shared,1.0,,51.0,0.4268231082495454,0.022580286254244547,0.9807241003210021,0.15010848929215245,0c97f037f4f2920419a9b2bbc120f3753030a88a8ef3f55c9e60da8c5afdacdd,0.9698234751136251,0.0019462744816243127,0.0018012463925893088,0.007643421699280665,0.018785582312880363,0.07324997707422912,0.8002444346707304,0.15720910755657447,holdout
w_hold_soft_chi_s050_0.03,c028b6ad,0.5,softmax,chi_square,0.03,0.0,800,21350.60031260914,0.013437735822554583,0.6181700873993807,0.29115880286531826,0.29115880286531826,36287.945780887014,0.6100505138562665,399.18409304212184,217.98272389710164,48.46357028215427,35.845009293790824,21.194959497814857,79.51429776629136,604.3634276108436,1020.1338677911739,55.678216385946044,70.73441452998709,0.012613781321600825,0.9624334174376227,0.02007039099697196,0.3218390804597701,0.2141608858467934,51,436,4,48,244,396,426,0,0,2,48,0.967487684729064,0.05747955128629115,1.0,0.0013408966600976205,1.0,0.0011841432125900616,1.0,0.00131654155276793,0.8988439306358381,0.024710206092439155,0.6289237668161435,0.12171812209774432,0.3015695067264574,0.2186840752941625,0.6382428940568475,0.7058823529411765,0.75,1.0,0.5,shared,1.0,,35.0,0.3557622379677633,0.02007039099697196,0.9794522286968751,0.14935366213605006,4b280552910c855b780ec37c0efae9fa1df3fc0ab35371001f3198450e90d84f,0.9756867291741055,0.001766307558386763,0.0021632486682920016,0.005744642761407404,0.014639071837808264,0.07390253003104826,0.7853384147855269,0.158009602699063,holdout
w_hold1_soft_chi_s050_0.1,c028b6ad,0.5,softmax,chi_square,0.1,1.0,800,23865.634172138212,0.015020659023508902,0.6000775046755545,0.186817547044678,0.186817547044678,36287.945780887014,0.592841055481271,461.9361228677198,229.11589280916917,54.05455580406105,41.535203903362174,26.715298519968808,79.51429776629136,663.6479100884592,1020.1338677911739,64.33008335051076,74.99420627649164,0.019014765444495367,0.9315951780207458,0.031255705605998406,0.31903560414914495,0.2150931835500843,51,436,3,47,164,385,421,0,0,0,8,0.9479712041884817,0.0996526506954142,0.9879518072289156,0.005962519492071395,1.0,0.003992001863631777,1.0,0.004885642932297595,0.76,0.0602917325366075,0.6535874439461884,0.11641418528289445,0.312780269058296,0.2149559296577964,0.6513761467889908,0.6842105263157895,0.8333333333333334,1.0,0.5930232558139535,shared,1.0,,84.0,0.4681638937026979,0.031255705605998406,0.9630566150624639,0.15010848929215245,0c97f037f4f2920419a9b2bbc120f3753030a88a8ef3f55c9e60da8c5afdacdd,0.9440604114963077,0.005732298887943027,0.004273427866063596,0.014124243498511234,0.031809618251174294,0.07367340653552461,0.797737513326864,0.15720910755657447,holdout
w_hold_soft_chi_s050_0.1,c028b6ad,0.5,softmax,chi_square,0.1,0.0,800,24181.75711450011,0.01521962188753662,0.5972670625200216,0.18382580070261725,0.18382580070261725,36287.945780887014,0.5900246209365445,450.7045052909212,227.09881612857814,54.829554965930875,41.997172041465966,25.847092886258427,79.51429776629136,658.0009883977509,1020.1338677911739,65.04627902635852,72.74091972871337,0.018812904565873964,0.9341183067003084,0.028760562090332162,0.3218390804597701,0.2141608858467934,51,436,4,47,149,389,423,0,0,1,7,0.948768472906404,0.06367384025170138,1.0,0.005388294869605716,1.0,0.005072162177366321,1.0,0.003478463422621703,0.7716763005780347,0.05920891011821309,0.6278026905829597,0.12162173783620521,0.3015695067264574,0.2186840752941625,0.6382428940568475,0.5294117647058824,0.75,1.0,0.5222222222222223,shared,1.0,,79.0,0.4104588450343843,0.028760562090332162,0.961151208885454,0.14935366213605006,4b280552910c855b780ec37c0efae9fa1df3fc0ab35371001f3198450e90d84f,0.9401786833078004,0.007545513803941939,0.00764623903980867,0.012619057997027316,0.03201050585142181,0.07437267201564593,0.7840618361885511,0.158009602699063,holdout
w_hold1_soft_chi_s900_0,c028b6ad,0.9,softmax,chi_square,0.0,1.0,800,88414.1569441369,0.055646495489287816,0.28629813193687403,1.610929642627386,2.3406080112259433,479159.1558341447,0.22963363369678264,1633.9710571601172,652.2736220402047,216.66560069207065,125.81217654884074,77.13591058674803,1111.254311290977,2544.7755179544456,12754.412733842577,215.64070999109396,290.66535529584377,0.016007412802666127,0.9571068124474348,0.03267337670499663,0.19932716568544995,0.3352620832381005,51,436,0,9,0,13,188,31,331,51,435,0.9502617801047121,0.15163717682143912,1.0,0.0010415396528295115,1.0,0.0008137063270033731,1.0,0.000962233023460409,0.9971428571428571,0.0020191469065475175,0.5762331838565022,0.1732678742067349,0.19394618834080718,0.3368637161839812,0.5557011795543906,0.5263157894736842,0.5,1.0,0.7209302325581395,shared,1.0,,1.0,0.12125362871106934,0.03267337670499663,0.9752437982135582,0.25157118104110066,0c97f037f4f2920419a9b2bbc120f3753030a88a8ef3f55c9e60da8c5afdacdd,0.9938488011442606,0.0010754476716926256,0.000811847651264101,0.002074681928168331,0.0021892216046145267,0.10677417841746889,0.7417262811272837,0.2611605471590716,holdout
w_hold_soft_chi_s900_0,c028b6ad,0.9,softmax,chi_square,0.0,0.0,800,91909.63352893843,0.05784649409507634,0.27979967791265054,1.5702178884385651,2.320428602613652,479159.1558341447,0.2238688810637474,1626.303112820114,588.294014676866,226.5810338952886,127.53905181502915,76.49364376192615,1111.254311290977,2639.6153509785618,12754.412733842577,224.84598585406977,297.99771882365246,0.015759595717436726,0.9576675077095599,0.03085398228266013,0.20521446593776282,0.33469260236114734,51,436,0,8,0,5,167,27,318,51,435,0.9504105090311987,0.12694447563899122,1.0,0.001021540780008386,1.0,0.0008137988799916887,1.0,0.0009145892816222638,1.0,0.0007443243047348115,0.5717488789237668,0.16969426117645925,0.17040358744394618,0.33914100126031727,0.5426356589147286,0.5882352941176471,0.75,1.0,0.7777777777777778,shared,1.0,,0.0,0.01332438596100699,0.03085398228266013,0.973673983862856,0.24994869919565169,4b280552910c855b780ec37c0efae9fa1df3fc0ab35371001f3198450e90d84f,0.993679832361647,0.0011031422321549694,0.0011837290296760911,0.0026787474620847524,0.0013545489144369562,0.11081243141194463,0.710715750355454,0.2649329723194388,holdout
