source_geography_id,target_geography_id,weight
5001700US0101,5001900US0101,426386
5001700US0101,5001900US0102,292410
5001700US0101,5001900US0107,7480
5001700US0102,5001900US0101,291368
5001700US0102,5001900US0102,255316
5001700US0102,5001900US0106,146782
5001700US0103,5001900US0102,120582
5001700US0103,5001900US0103,612621
5001700US0103,5001900US0106,1929
5001700US0104,5001900US0103,105133
5001700US0104,5001900US0104,560556
5001700US0104,5001900US0105,33258
5001700US0104,5001900US0107,4035
5001700US0105,5001900US0104,76606
5001700US0105,5001900US0105,684496
5001700US0106,5001900US0104,54122
5001700US0106,5001900US0106,550545
5001700US0106,5001900US0107,136043
5001700US0107,5001900US0102,49446
5001700US0107,5001900US0104,26470
5001700US0107,5001900US0106,18499
5001700US0107,5001900US0107,570196
5001700US0200,5001900US0200,733391
5001700US0401,5001900US0402,511992
5001700US0401,5001900US0406,243055
5001700US0401,5001900US0407,5803
5001700US0402,5001900US0406,545263
5001700US0402,5001900US0407,199215
5001700US0403,5001900US0403,78345
5001700US0403,5001900US0406,6293
5001700US0403,5001900US0407,581040
5001700US0403,5001900US0409,111876
5001700US0404,5001900US0401,1193
5001700US0404,5001900US0402,282620
5001700US0404,5001900US0405,157865
5001700US0404,5001900US0407,1337
5001700US0404,5001900US0408,7392
5001700US0404,5001900US0409,353916
5001700US0405,5001900US0401,4713
5001700US0405,5001900US0404,239565
5001700US0405,5001900US0405,636747
5001700US0406,5001900US0401,596142
5001700US0406,5001900US0404,18
5001700US0406,5001900US0408,189698
5001700US0407,5001900US0401,26850
5001700US0407,5001900US0403,680516
5001700US0407,5001900US0404,1112
5001700US0407,5001900US0407,7216
5001700US0407,5001900US0408,30245
5001700US0407,5001900US0409,42393
5001700US0408,5001900US0408,550823
5001700US0408,5001900US0409,286427
5001700US0409,5001900US0401,165713
5001700US0409,5001900US0403,35751
5001700US0409,5001900US0404,553916
5001700US0409,5001900US0408,16452
5001700US0501,5001900US0501,689147
5001700US0501,5001900US0502,24711
5001700US0501,5001900US0504,2530
5001700US0502,5001900US0501,8612
5001700US0502,5001900US0502,727999
5001700US0502,5001900US0504,32780
5001700US0503,5001900US0501,54750
5001700US0503,5001900US0503,713443
5001700US0503,5001900US0504,70954
5001700US0504,5001900US0503,39776
5001700US0504,5001900US0504,646822
5001700US0601,5001900US0601,547266
5001700US0601,5001900US0603,154689
5001700US0602,5001900US0602,718556
5001700US0602,5001900US0604,383
5001700US0603,5001900US0601,217312
5001700US0603,5001900US0603,12508
5001700US0603,5001900US0604,337929
5001700US0603,5001900US0606,28811
5001700US0603,5001900US0607,8500
5001700US0603,5001900US0608,157154
5001700US0604,5001900US0603,440698
5001700US0604,5001900US0605,317530
5001700US0604,5001900US0620,10105
5001700US0605,5001900US0602,47182
5001700US0605,5001900US0604,426825
5001700US0605,5001900US0608,230991
5001700US0605,5001900US0610,22928
5001700US0606,5001900US0606,358729
5001700US0606,5001900US0607,429219
5001700US0607,5001900US0603,124524
5001700US0607,5001900US0606,369190
5001700US0607,5001900US0607,292441
5001700US0608,5001900US0603,32211
5001700US0608,5001900US0623,653103
5001700US0608,5001900US0625,6979
5001700US0608,5001900US0628,6610
5001700US0608,5001900US0633,57644
5001700US0609,5001900US0607,27960
5001700US0609,5001900US0608,28775
5001700US0609,5001900US0609,553116
5001700US0609,5001900US0610,165475
5001700US0609,5001900US0613,28692
5001700US0610,5001900US0605,326749
5001700US0610,5001900US0609,208913
5001700US0610,5001900US0613,232257
5001700US0611,5001900US0608,341129
5001700US0611,5001900US0610,426748
5001700US0612,5001900US0611,710176
5001700US0612,5001900US0615,60834
5001700US0613,5001900US0612,758548
5001700US0613,5001900US0614,21834
5001700US0614,5001900US0611,49016
5001700US0614,5001900US0615,632172
5001700US0614,5001900US0616,65433
5001700US0615,5001900US0610,145115
5001700US0615,5001900US0614,651596
5001700US0616,5001900US0605,3242
5001700US0616,5001900US0613,409466
5001700US0616,5001900US0620,2117
5001700US0616,5001900US0621,336607
5001700US0617,5001900US0614,85986
5001700US0617,5001900US0616,4862
5001700US0617,5001900US0617,691844
5001700US0617,5001900US0618,459
5001700US0618,5001900US0615,66052
5001700US0618,5001900US0616,533744
5001700US0618,5001900US0617,50943
5001700US0618,5001900US0618,7478
5001700US0618,5001900US0619,91404
5001700US0619,5001900US0616,154784
5001700US0619,5001900US0617,16150
5001700US0619,5001900US0618,330564
5001700US0619,5001900US0619,246379
5001700US0620,5001900US0618,424902
5001700US0620,5001900US0619,319945
5001700US0621,5001900US0613,97657
5001700US0621,5001900US0620,63392
5001700US0621,5001900US0621,108907
5001700US0621,5001900US0622,442181
5001700US0622,5001900US0605,117489
5001700US0622,5001900US0620,289166
5001700US0622,5001900US0621,307434
5001700US0622,5001900US0622,73704
5001700US0623,5001900US0620,398434
5001700US0623,5001900US0621,3380
5001700US0623,5001900US0622,266362
5001700US0623,5001900US0623,19301
5001700US0623,5001900US0627,89256
5001700US0624,5001900US0619,100817
5001700US0624,5001900US0624,638990
5001700US0624,5001900US0626,466
5001700US0625,5001900US0623,16710
5001700US0625,5001900US0626,119019
5001700US0625,5001900US0627,617493
5001700US0625,5001900US0628,4
5001700US0625,5001900US0630,9
5001700US0625,5001900US0632,509
5001700US0626,5001900US0624,125739
5001700US0626,5001900US0626,595548
5001700US0627,5001900US0627,176
5001700US0627,5001900US0628,663597
5001700US0627,5001900US0630,5731
5001700US0627,5001900US0631,32664
5001700US0627,5001900US0635,6564
5001700US0628,5001900US0627,2
5001700US0628,5001900US0628,49400
5001700US0628,5001900US0629,1088
5001700US0628,5001900US0630,647927
5001700US0628,5001900US0632,6568
5001700US0628,5001900US0634,7979
5001700US0629,5001900US0627,10742
5001700US0629,5001900US0629,669383
5001700US0629,5001900US0630,2267
5001700US0629,5001900US0632,28730
5001700US0630,5001900US0627,42558
5001700US0630,5001900US0629,86980
5001700US0630,5001900US0630,25584
5001700US0630,5001900US0632,592573
5001700US0631,5001900US0623,74287
5001700US0631,5001900US0628,38126
5001700US0631,5001900US0633,558954
5001700US0631,5001900US0635,85099
5001700US0632,5001900US0631,705027
5001700US0633,5001900US0626,43685
5001700US0633,5001900US0630,52024
5001700US0633,5001900US0632,109065
5001700US0633,5001900US0636,491593
5001700US0633,5001900US0643,112
5001700US0633,5001900US0644,27562
5001700US0634,5001900US0628,154
5001700US0634,5001900US0630,11379
5001700US0634,5001900US0634,650028
5001700US0634,5001900US0637,41856
5001700US0635,5001900US0633,140620
5001700US0635,5001900US0635,596658
5001700US0635,5001900US0638,2298
5001700US0636,5001900US0625,579560
5001700US0636,5001900US0641,182850
5001700US0636,5001900US0648,2343
5001700US0637,5001900US0630,13196
5001700US0637,5001900US0632,20877
5001700US0637,5001900US0634,4189
5001700US0637,5001900US0636,162472
5001700US0637,5001900US0637,520271
5001700US0637,5001900US0643,1172
5001700US0638,5001900US0631,19567
5001700US0638,5001900US0638,484308
5001700US0638,5001900US0642,65446
5001700US0638,5001900US0644,38467
5001700US0638,5001900US0645,98655
5001700US0639,5001900US0631,4
5001700US0639,5001900US0635,24501
5001700US0639,5001900US0638,255421
5001700US0639,5001900US0640,153061
5001700US0639,5001900US0645,237050
5001700US0639,5001900US0646,62532
5001700US0640,5001900US0634,95498
5001700US0640,5001900US0637,159596
5001700US0640,5001900US0638,15696
5001700US0640,5001900US0642,365251
5001700US0640,5001900US0644,54170
5001700US0641,5001900US0635,20
5001700US0641,5001900US0639,739507
5001700US0641,5001900US0641,13711
5001700US0642,5001900US0625,3119
5001700US0642,5001900US0635,49497
5001700US0642,5001900US0639,17004
5001700US0642,5001900US0640,10910
5001700US0642,5001900US0641,565226
5001700US0642,5001900US0648,165899
5001700US0643,5001900US0636,104159
5001700US0643,5001900US0637,33594
5001700US0643,5001900US0643,544210
5001700US0643,5001900US0644,45570
5001700US0644,5001900US0642,35826
5001700US0644,5001900US0643,209381
5001700US0644,5001900US0644,465151
5001700US0645,5001900US0640,500242
5001700US0645,5001900US0647,313743
5001700US0645,5001900US0649,10
5001700US0646,5001900US0640,39702
5001700US0646,5001900US0645,47095
5001700US0646,5001900US0646,615999
5001700US0647,5001900US0642,290361
5001700US0647,5001900US0644,127031
5001700US0647,5001900US0645,256435
5001700US0647,5001900US0646,40844
5001700US0648,5001900US0640,52176
5001700US0648,5001900US0645,119316
5001700US0648,5001900US0646,38268
5001700US0648,5001900US0647,445318
5001700US0648,5001900US0649,65255
5001700US0649,5001900US0640,2953
5001700US0649,5001900US0648,188
5001700US0649,5001900US0649,691856
5001700US0649,5001900US0650,55052
5001700US0650,5001900US0648,504993
5001700US0650,5001900US0649,1395
5001700US0650,5001900US0650,195173
5001700US0650,5001900US0651,55549
5001700US0651,5001900US0625,179702
5001700US0651,5001900US0648,15434
5001700US0651,5001900US0650,70
5001700US0651,5001900US0651,195
5001700US0651,5001900US0652,515191
5001700US0652,5001900US0648,49768
5001700US0652,5001900US0650,407741
5001700US0652,5001900US0651,305462
5001700US0653,5001900US0648,19992
5001700US0653,5001900US0650,101296
5001700US0653,5001900US0651,396995
5001700US0653,5001900US0652,245996
5001700US0801,5001900US0801,721638
5001700US0801,5001900US0806,107475
5001700US0801,5001900US0807,11618
5001700US0802,5001900US0802,543012
5001700US0802,5001900US0804,107329
5001700US0802,5001900US0806,854
5001700US0802,5001900US0807,160777
5001700US0802,5001900US0808,17151
5001700US0803,5001900US0802,57632
5001700US0803,5001900US0803,688485
5001700US0803,5001900US0807,12140
5001700US0804,5001900US0802,120888
5001700US0804,5001900US0803,33245
5001700US0804,5001900US0804,468238
5001700US0804,5001900US0806,131
5001700US0804,5001900US0808,248035
5001700US0805,5001900US0804,8059
5001700US0805,5001900US0805,721714
5001700US0805,5001900US0807,102604
5001700US0806,5001900US0801,76
5001700US0806,5001900US0804,138168
5001700US0806,5001900US0806,613221
5001700US0806,5001900US0808,84129
5001700US0807,5001900US0802,188
5001700US0807,5001900US0807,434558
5001700US0807,5001900US0808,372349
5001700US0901,5001900US0901,696367
5001700US0901,5001900US0902,21287
5001700US0902,5001900US0902,699901
5001700US0903,5001900US0901,19798
5001700US0903,5001900US0903,695562
5001700US0904,5001900US0903,25627
5001700US0904,5001900US0904,721189
5001700US0905,5001900US0901,5024
5001700US0905,5001900US0905,721189
5001700US1000,5001900US1000,989948
5001700US1100,5001900US1100,689545
5001700US1201,5001900US1201,769221
5001700US1201,5001900US1202,38660
5001700US1202,5001900US1202,488934
5001700US1202,5001900US1203,238922
5001700US1203,5001900US1203,428678
5001700US1203,5001900US1204,218245
5001700US1203,5001900US1206,119210
5001700US1204,5001900US1204,203219
5001700US1204,5001900US1205,663376
5001700US1204,5001900US1206,5289
5001700US1205,5001900US1202,241627
5001700US1205,5001900US1203,53916
5001700US1205,5001900US1204,347757
5001700US1205,5001900US1205,105610
5001700US1206,5001900US1205,235
5001700US1206,5001900US1206,490500
5001700US1206,5001900US1207,298365
5001700US1206,5001900US1211,7154
5001700US1207,5001900US1207,470856
5001700US1207,5001900US1209,12183
5001700US1207,5001900US1210,305479
5001700US1208,5001900US1208,769221
5001700US1208,5001900US1209,27
5001700US1208,5001900US1210,14505
5001700US1209,5001900US1209,549522
5001700US1209,5001900US1210,105336
5001700US1209,5001900US1211,3252
5001700US1209,5001900US1218,297492
5001700US1210,5001900US1209,198732
5001700US1210,5001900US1210,343901
5001700US1210,5001900US1211,331171
5001700US1211,5001900US1203,47705
5001700US1211,5001900US1206,154222
5001700US1211,5001900US1211,270550
5001700US1211,5001900US1212,348358
5001700US1212,5001900US1212,420863
5001700US1212,5001900US1213,231642
5001700US1212,5001900US1214,4567
5001700US1212,5001900US1215,150065
5001700US1213,5001900US1213,537579
5001700US1213,5001900US1214,189886
5001700US1214,5001900US1214,514836
5001700US1214,5001900US1215,272611
5001700US1215,5001900US1209,8757
5001700US1215,5001900US1211,157094
5001700US1215,5001900US1214,38219
5001700US1215,5001900US1215,346545
5001700US1215,5001900US1216,141252
5001700US1215,5001900US1218,127986
5001700US1216,5001900US1214,21713
5001700US1216,5001900US1216,627969
5001700US1216,5001900US1217,234365
5001700US1217,5001900US1217,480692
5001700US1217,5001900US1218,299263
5001700US1218,5001900US1220,40419
5001700US1218,5001900US1221,754305
5001700US1219,5001900US1217,54164
5001700US1219,5001900US1219,754646
5001700US1219,5001900US1226,26202
5001700US1220,5001900US1220,563334
5001700US1220,5001900US1221,13586
5001700US1220,5001900US1222,49857
5001700US1220,5001900US1223,13813
5001700US1220,5001900US1224,56729
5001700US1220,5001900US1225,78964
5001700US1221,5001900US1220,467
5001700US1221,5001900US1221,1330
5001700US1221,5001900US1222,714573
5001700US1221,5001900US1223,71637
5001700US1222,5001900US1220,68781
5001700US1222,5001900US1222,4790
5001700US1222,5001900US1223,683771
5001700US1222,5001900US1225,28414
5001700US1223,5001900US1220,96220
5001700US1223,5001900US1224,78350
5001700US1223,5001900US1225,594786
5001700US1224,5001900US1224,542531
5001700US1224,5001900US1225,67057
5001700US1224,5001900US1226,117061
5001700US1224,5001900US1227,15893
5001700US1225,5001900US1218,44480
5001700US1225,5001900US1219,14575
5001700US1225,5001900US1226,604826
5001700US1225,5001900US1227,54337
5001700US1225,5001900US1228,53216
5001700US1226,5001900US1227,71909
5001700US1226,5001900US1228,716005
5001700US1227,5001900US1224,91611
5001700US1227,5001900US1226,21132
5001700US1227,5001900US1227,627082
5001700US1301,5001900US1301,739028
5001700US1301,5001900US1308,16753
5001700US1302,5001900US1302,647722
5001700US1302,5001900US1303,1666
5001700US1302,5001900US1308,23640
5001700US1303,5001900US1302,20569
5001700US1303,5001900US1303,677309
5001700US1303,5001900US1310,65197
5001700US1304,5001900US1304,362702
5001700US1304,5001900US1305,61890
5001700US1304,5001900US1310,19504
5001700US1304,5001900US1313,329665
5001700US1305,5001900US1304,37107
5001700US1305,5001900US1305,573894
5001700US1305,5001900US1306,133584
5001700US1305,5001900US1313,43541
5001700US1306,5001900US1304,159255
5001700US1306,5001900US1305,37025
5001700US1306,5001900US1306,33579
5001700US1306,5001900US1307,347886
5001700US1306,5001900US1311,188048
5001700US1307,5001900US1304,206073
5001700US1307,5001900US1307,183316
5001700US1307,5001900US1309,273729
5001700US1307,5001900US1313,196322
5001700US1308,5001900US1302,96846
5001700US1308,5001900US1308,623073
5001700US1309,5001900US1307,193054
5001700US1309,5001900US1309,443775
5001700US1309,5001900US1310,116733
5001700US1309,5001900US1311,21805
5001700US1310,5001900US1308,43799
5001700US1310,5001900US1309,47631
5001700US1310,5001900US1310,563703
5001700US1310,5001900US1312,110492
5001700US1310,5001900US1313,9387
5001700US1311,5001900US1306,139848
5001700US1311,5001900US1307,40881
5001700US1311,5001900US1311,486327
5001700US1311,5001900US1314,135459
5001700US1312,5001900US1301,26109
5001700US1312,5001900US1308,57871
5001700US1312,5001900US1312,654644
5001700US1313,5001900US1303,56242
5001700US1313,5001900US1305,92328
5001700US1313,5001900US1306,458125
5001700US1313,5001900US1313,186221
5001700US1314,5001900US1303,29919
5001700US1314,5001900US1311,68955
5001700US1314,5001900US1314,629677
5001700US1501,5001900US1501,726395
5001700US1501,5001900US1502,3436
5001700US1502,5001900US1502,725440
5001700US1601,5001900US1601,919553
5001700US1601,5001900US1602,35338
5001700US1602,5001900US1602,884215
5001700US1701,5001900US1701,515524
5001700US1701,5001900US1702,20064
5001700US1701,5001900US1704,9923
5001700US1701,5001900US1706,122634
5001700US1701,5001900US1707,34536
5001700US1701,5001900US1714,3268
5001700US1702,5001900US1701,97181
5001700US1702,5001900US1702,582447
5001700US1703,5001900US1701,73753
5001700US1703,5001900US1704,261049
5001700US1703,5001900US1706,311181
5001700US1703,5001900US1707,23395
5001700US1703,5001900US1711,11927
5001700US1703,5001900US1714,44320
5001700US1704,5001900US1703,326427
5001700US1704,5001900US1704,357271
5001700US1704,5001900US1705,579
5001700US1704,5001900US1707,14293
5001700US1705,5001900US1703,149957
5001700US1705,5001900US1704,72145
5001700US1705,5001900US1705,435151
5001700US1705,5001900US1706,28651
5001700US1705,5001900US1707,38412
5001700US1705,5001900US1708,6176
5001700US1705,5001900US1709,12957
5001700US1706,5001900US1703,114188
5001700US1706,5001900US1704,13822
5001700US1706,5001900US1705,103909
5001700US1706,5001900US1706,176737
5001700US1706,5001900US1708,170700
5001700US1706,5001900US1709,109138
5001700US1706,5001900US1711,44251
5001700US1707,5001900US1701,19955
5001700US1707,5001900US1702,3936
5001700US1707,5001900US1703,27479
5001700US1707,5001900US1704,39467
5001700US1707,5001900US1705,30785
5001700US1707,5001900US1707,643041
5001700US1708,5001900US1703,120167
5001700US1708,5001900US1705,10967
5001700US1708,5001900US1706,64714
5001700US1708,5001900US1708,500129
5001700US1708,5001900US1709,15890
5001700US1708,5001900US1710,5123
5001700US1709,5001900US1705,128469
5001700US1709,5001900US1708,48279
5001700US1709,5001900US1709,530785
5001700US1709,5001900US1710,34623
5001700US1710,5001900US1705,43817
5001700US1710,5001900US1708,4338
5001700US1710,5001900US1709,74767
5001700US1710,5001900US1710,599085
5001700US1710,5001900US1711,2939
5001700US1711,5001900US1701,19494
5001700US1711,5001900US1706,49760
5001700US1711,5001900US1711,336300
5001700US1711,5001900US1714,300822
5001700US1712,5001900US1712,401915
5001700US1712,5001900US1713,270999
5001700US1712,5001900US1715,1956
5001700US1713,5001900US1713,422282
5001700US1713,5001900US1715,213969
5001700US1713,5001900US1716,11593
5001700US1713,5001900US1717,47739
5001700US1714,5001900US1701,16
5001700US1714,5001900US1703,15459
5001700US1714,5001900US1708,24055
5001700US1714,5001900US1709,10140
5001700US1714,5001900US1710,114846
5001700US1714,5001900US1711,322394
5001700US1714,5001900US1714,251782
5001700US1714,5001900US1716,14503
5001700US1715,5001900US1702,88029
5001700US1715,5001900US1712,351762
5001700US1715,5001900US1713,4427
5001700US1715,5001900US1715,236075
5001700US1716,5001900US1701,27754
5001700US1716,5001900US1702,59201
5001700US1716,5001900US1711,35866
5001700US1716,5001900US1714,153485
5001700US1716,5001900US1716,352741
5001700US1716,5001900US1717,63505
5001700US1717,5001900US1715,27070
5001700US1717,5001900US1716,106460
5001700US1717,5001900US1717,540240
5001700US1718,5001900US1713,55969
5001700US1718,5001900US1715,274607
5001700US1718,5001900US1716,268380
5001700US1718,5001900US1717,102192
5001700US1801,5001900US1801,726991
5001700US1801,5001900US1802,5211
5001700US1802,5001900US1801,26956
5001700US1802,5001900US1802,696266
5001700US1802,5001900US1803,8659
5001700US1803,5001900US1802,40231
5001700US1803,5001900US1803,718683
5001700US1804,5001900US1802,12239
5001700US1804,5001900US1804,670054
5001700US1804,5001900US1805,72787
5001700US1804,5001900US1808,9790
5001700US1805,5001900US1803,9377
5001700US1805,5001900US1804,36298
5001700US1805,5001900US1805,569257
5001700US1805,5001900US1807,189937
5001700US1806,5001900US1803,17228
5001700US1806,5001900US1805,111903
5001700US1806,5001900US1806,368930
5001700US1806,5001900US1809,225479
5001700US1807,5001900US1806,223254
5001700US1807,5001900US1807,564012
5001700US1808,5001900US1808,715369
5001700US1809,5001900US1804,47595
5001700US1809,5001900US1806,161765
5001700US1809,5001900US1808,28788
5001700US1809,5001900US1809,528469
5001700US1901,5001900US1901,56793
5001700US1901,5001900US1902,683282
5001700US1901,5001900US1904,40105
5001700US1902,5001900US1901,688388
5001700US1902,5001900US1903,96965
5001700US1903,5001900US1901,52403
5001700US1903,5001900US1903,691815
5001700US1903,5001900US1904,114756
5001700US1904,5001900US1902,114307
5001700US1904,5001900US1903,8771
5001700US1904,5001900US1904,642784
5001700US2001,5001900US2001,602521
5001700US2001,5001900US2002,95576
5001700US2001,5001900US2004,2676
5001700US2002,5001900US2001,131929
5001700US2002,5001900US2002,526233
5001700US2002,5001900US2003,54845
5001700US2003,5001900US2002,112661
5001700US2003,5001900US2003,679625
5001700US2004,5001900US2001,20
5001700US2004,5001900US2004,731794
5001700US2101,5001900US2101,652882
5001700US2101,5001900US2102,66257
5001700US2102,5001900US2101,42208
5001700US2102,5001900US2102,652719
5001700US2102,5001900US2104,30667
5001700US2102,5001900US2106,53054
5001700US2103,5001900US2102,8760
5001700US2103,5001900US2103,748092
5001700US2104,5001900US2102,23236
5001700US2104,5001900US2103,2881
5001700US2104,5001900US2104,708185
5001700US2104,5001900US2105,39241
5001700US2105,5001900US2104,2743
5001700US2105,5001900US2105,690638
5001700US2106,5001900US2101,55883
5001700US2106,5001900US2104,9378
5001700US2106,5001900US2105,21094
5001700US2106,5001900US2106,697918
5001700US2201,5001900US2201,687127
5001700US2201,5001900US2202,27739
5001700US2201,5001900US2203,68401
5001700US2201,5001900US2205,29318
5001700US2202,5001900US2201,23484
5001700US2202,5001900US2202,646488
5001700US2202,5001900US2206,105320
5001700US2203,5001900US2203,635614
5001700US2203,5001900US2204,85486
5001700US2203,5001900US2206,64724
5001700US2204,5001900US2204,511373
5001700US2204,5001900US2206,216973
5001700US2205,5001900US2201,870
5001700US2205,5001900US2204,179443
5001700US2205,5001900US2205,396927
5001700US2205,5001900US2206,162004
5001700US2206,5001900US2201,64846
5001700US2206,5001900US2202,102089
5001700US2206,5001900US2203,72272
5001700US2206,5001900US2205,350040
5001700US2206,5001900US2206,227219
5001700US2301,5001900US2301,665795
5001700US2301,5001900US2302,38416
5001700US2302,5001900US2301,15384
5001700US2302,5001900US2302,642764
5001700US2401,5001900US2401,649234
5001700US2401,5001900US2402,94377
5001700US2402,5001900US2401,107967
5001700US2402,5001900US2402,343288
5001700US2402,5001900US2403,123427
5001700US2402,5001900US2405,28400
5001700US2402,5001900US2407,182249
5001700US2403,5001900US2402,151718
5001700US2403,5001900US2403,307032
5001700US2403,5001900US2404,36041
5001700US2403,5001900US2405,33809
5001700US2403,5001900US2407,165377
5001700US2403,5001900US2408,80188
5001700US2404,5001900US2403,147318
5001700US2404,5001900US2404,511263
5001700US2404,5001900US2405,140326
5001700US2404,5001900US2408,18
5001700US2405,5001900US2404,223273
5001700US2405,5001900US2405,572106
5001700US2406,5001900US2406,636874
5001700US2406,5001900US2408,154745
5001700US2407,5001900US2401,15547
5001700US2407,5001900US2402,94600
5001700US2407,5001900US2403,173984
5001700US2407,5001900US2407,419621
5001700US2408,5001900US2402,86923
5001700US2408,5001900US2403,19972
5001700US2408,5001900US2406,140971
5001700US2408,5001900US2408,536576
5001700US2501,5001900US2501,711874
5001700US2501,5001900US2502,18593
5001700US2502,5001900US2501,69229
5001700US2502,5001900US2502,685697
5001700US2502,5001900US2503,2554
5001700US2502,5001900US2504,22574
5001700US2503,5001900US2502,660
5001700US2503,5001900US2503,754773
5001700US2503,5001900US2505,13491
5001700US2503,5001900US2506,27740
5001700US2504,5001900US2502,31873
5001700US2504,5001900US2504,697329
5001700US2504,5001900US2505,22187
5001700US2504,5001900US2508,25058
5001700US2504,5001900US2509,690
5001700US2505,5001900US2502,44278
5001700US2505,5001900US2504,4401
5001700US2505,5001900US2505,741227
5001700US2505,5001900US2507,5060
5001700US2506,5001900US2503,23775
5001700US2506,5001900US2505,696
5001700US2506,5001900US2506,753361
5001700US2507,5001900US2505,3500
5001700US2507,5001900US2507,771009
5001700US2507,5001900US2508,25307
5001700US2508,5001900US2504,1082
5001700US2508,5001900US2507,5033
5001700US2508,5001900US2508,730737
5001700US2508,5001900US2509,61606
5001700US2509,5001900US2504,55717
5001700US2509,5001900US2509,718806
5001700US2601,5001900US2601,671739
5001700US2601,5001900US2602,32611
5001700US2602,5001900US2602,178717
5001700US2602,5001900US2603,388414
5001700US2602,5001900US2604,190190
5001700US2603,5001900US2602,232313
5001700US2603,5001900US2603,387000
5001700US2603,5001900US2604,87736
5001700US2603,5001900US2605,46574
5001700US2604,5001900US2601,63397
5001700US2604,5001900US2602,326570
5001700US2604,5001900US2607,147222
5001700US2604,5001900US2608,160665
5001700US2605,5001900US2601,40239
5001700US2605,5001900US2607,203
5001700US2605,5001900US2608,614564
5001700US2605,5001900US2609,15697
5001700US2606,5001900US2604,496674
5001700US2606,5001900US2605,224980
5001700US2607,5001900US2602,4786
5001700US2607,5001900US2605,502990
5001700US2607,5001900US2606,103140
5001700US2607,5001900US2607,104389
5001700US2608,5001900US2607,478766
5001700US2608,5001900US2609,178791
5001700US2608,5001900US2610,82324
5001700US2609,5001900US2610,513288
5001700US2609,5001900US2611,192254
5001700US2609,5001900US2612,14886
5001700US2610,5001900US2609,552582
5001700US2610,5001900US2610,172595
5001700US2611,5001900US2606,233077
5001700US2611,5001900US2607,44658
5001700US2611,5001900US2609,27892
5001700US2611,5001900US2610,7011
5001700US2611,5001900US2611,349638
5001700US2611,5001900US2612,95535
5001700US2612,5001900US2606,439056
5001700US2612,5001900US2612,109976
5001700US2612,5001900US2613,198124
5001700US2613,5001900US2612,412890
5001700US2613,5001900US2613,261676
5001700US2614,5001900US2611,233676
5001700US2614,5001900US2612,141960
5001700US2614,5001900US2613,315866
5001700US2701,5001900US2701,642930
5001700US2701,5001900US2702,40258
5001700US2701,5001900US2707,7538
5001700US2702,5001900US2701,70381
5001700US2702,5001900US2702,661577
5001700US2703,5001900US2703,671145
5001700US2703,5001900US2705,6
5001700US2703,5001900US2706,66747
5001700US2704,5001900US2702,11477
5001700US2704,5001900US2704,713312
5001700US2704,5001900US2708,1687
5001700US2705,5001900US2703,22730
5001700US2705,5001900US2705,713306
5001700US2706,5001900US2703,19436
5001700US2706,5001900US2706,646565
5001700US2706,5001900US2707,24252
5001700US2706,5001900US2708,43704
5001700US2707,5001900US2707,621075
5001700US2707,5001900US2708,52439
5001700US2708,5001900US2707,60447
5001700US2708,5001900US2708,615482
5001700US2801,5001900US2801,739345
5001700US2801,5001900US2803,18888
5001700US2802,5001900US2802,673948
5001700US2802,5001900US2803,543
5001700US2803,5001900US2801,974
5001700US2803,5001900US2802,66371
5001700US2803,5001900US2803,683694
5001700US2804,5001900US2803,37195
5001700US2804,5001900US2804,740321
5001700US2901,5001900US2901,692318
5001700US2901,5001900US2902,22428
5001700US2902,5001900US2901,77046
5001700US2902,5001900US2902,548515
5001700US2902,5001900US2903,107241
5001700US2902,5001900US2908,44891
5001700US2903,5001900US2902,198421
5001700US2903,5001900US2903,447420
5001700US2903,5001900US2904,15057
5001700US2903,5001900US2906,59574
5001700US2903,5001900US2908,84013
5001700US2904,5001900US2903,136120
5001700US2904,5001900US2904,588808
5001700US2904,5001900US2906,43824
5001700US2904,5001900US2907,8465
5001700US2905,5001900US2904,107139
5001700US2905,5001900US2905,651788
5001700US2905,5001900US2906,29378
5001700US2906,5001900US2904,26841
5001700US2906,5001900US2905,117576
5001700US2906,5001900US2906,636588
5001700US2907,5001900US2904,31519
5001700US2907,5001900US2907,760900
5001700US2908,5001900US2903,78583
5001700US2908,5001900US2908,640460
5001700US3000,5001900US3001,542112
5001700US3000,5001900US3002,542113
5001700US3101,5001900US3101,584386
5001700US3101,5001900US3102,22278
5001700US3101,5001900US3103,53152
5001700US3102,5001900US3101,69436
5001700US3102,5001900US3102,631569
5001700US3103,5001900US3103,600683
5001700US3201,5001900US3201,399260
5001700US3201,5001900US3203,179222
5001700US3201,5001900US3204,124340
5001700US3202,5001900US3202,758819
5001700US3202,5001900US3204,1
5001700US3203,5001900US3201,343896
5001700US3203,5001900US3203,508079
5001700US3203,5001900US3204,3553
5001700US3204,5001900US3201,30602
5001700US3204,5001900US3202,18598
5001700US3204,5001900US3203,87998
5001700US3204,5001900US3204,650246
5001700US3301,5001900US3301,688764
5001700US3301,5001900US3302,8973
5001700US3302,5001900US3302,679792
5001700US3401,5001900US3401,737308
5001700US3401,5001900US3402,15751
5001700US3402,5001900US3401,34436
5001700US3402,5001900US3402,695993
5001700US3402,5001900US3403,2048
5001700US3403,5001900US3402,67312
5001700US3403,5001900US3403,432394
5001700US3403,5001900US3404,256167
5001700US3404,5001900US3403,233058
5001700US3404,5001900US3404,494902
5001700US3404,5001900US3406,69648
5001700US3405,5001900US3405,603593
5001700US3405,5001900US3407,80562
5001700US3405,5001900US3409,63042
5001700US3406,5001900US3403,41502
5001700US3406,5001900US3404,21900
5001700US3406,5001900US3406,692791
5001700US3406,5001900US3412,8831
5001700US3407,5001900US3407,558490
5001700US3407,5001900US3410,69666
5001700US3407,5001900US3411,40170
5001700US3407,5001900US3412,91732
5001700US3408,5001900US3408,724806
5001700US3408,5001900US3409,34464
5001700US3408,5001900US3410,23905
5001700US3408,5001900US3411,38222
5001700US3409,5001900US3405,150486
5001700US3409,5001900US3409,641835
5001700US3410,5001900US3407,45696
5001700US3410,5001900US3408,47560
5001700US3410,5001900US3410,624660
5001700US3410,5001900US3411,98092
5001700US3411,5001900US3405,19139
5001700US3411,5001900US3407,57901
5001700US3411,5001900US3409,32719
5001700US3411,5001900US3410,55305
5001700US3411,5001900US3411,596779
5001700US3412,5001900US3403,69022
5001700US3412,5001900US3406,11329
5001700US3412,5001900US3407,31645
5001700US3412,5001900US3412,674133
5001700US3501,5001900US3501,528092
5001700US3501,5001900US3502,166485
5001700US3502,5001900US3501,55518
5001700US3502,5001900US3502,518069
5001700US3502,5001900US3503,140435
5001700US3503,5001900US3501,122222
5001700US3503,5001900US3502,21292
5001700US3503,5001900US3503,565409
5001700US3601,5001900US3601,584370
5001700US3601,5001900US3602,155949
5001700US3602,5001900US3602,621022
5001700US3602,5001900US3603,76100
5001700US3602,5001900US3604,31034
5001700US3603,5001900US3601,192601
5001700US3603,5001900US3603,546596
5001700US3604,5001900US3603,94052
5001700US3604,5001900US3604,657380
5001700US3605,5001900US3603,19865
5001700US3605,5001900US3604,88557
5001700US3605,5001900US3605,670310
5001700US3605,5001900US3606,48
5001700US3606,5001900US3603,40358
5001700US3606,5001900US3605,48054
5001700US3606,5001900US3606,626822
5001700US3606,5001900US3607,54013
5001700US3607,5001900US3605,14528
5001700US3607,5001900US3607,395403
5001700US3607,5001900US3608,303
5001700US3607,5001900US3610,352026
5001700US3607,5001900US3611,573
5001700US3608,5001900US3605,44079
5001700US3608,5001900US3607,103016
5001700US3608,5001900US3608,592964
5001700US3608,5001900US3609,47287
5001700US3608,5001900US3610,17054
5001700US3609,5001900US3608,117631
5001700US3609,5001900US3609,562353
5001700US3609,5001900US3610,75858
5001700US3610,5001900US3609,138792
5001700US3610,5001900US3610,224647
5001700US3610,5001900US3611,104774
5001700US3610,5001900US3612,305013
5001700US3610,5001900US3613,30577
5001700US3611,5001900US3608,66073
5001700US3611,5001900US3609,28539
5001700US3611,5001900US3611,671624
5001700US3612,5001900US3607,158389
5001700US3612,5001900US3610,107387
5001700US3612,5001900US3612,471772
5001700US3612,5001900US3613,1302
5001700US3612,5001900US3614,72838
5001700US3613,5001900US3612,186
5001700US3613,5001900US3613,683108
5001700US3613,5001900US3615,53054
5001700US3614,5001900US3606,150102
5001700US3614,5001900US3607,66151
5001700US3614,5001900US3614,447526
5001700US3614,5001900US3615,86246
5001700US3615,5001900US3613,60809
5001700US3615,5001900US3614,256606
5001700US3615,5001900US3615,449920
5001700US3616,5001900US3613,1175
5001700US3616,5001900US3615,187751
5001700US3616,5001900US3616,581475
5001700US3617,5001900US3616,195497
5001700US3617,5001900US3617,568254
5001700US3618,5001900US3617,196241
5001700US3618,5001900US3618,552201
5001700US3619,5001900US3617,12476
5001700US3619,5001900US3618,224770
5001700US3619,5001900US3619,393103
5001700US3619,5001900US3620,22984
5001700US3619,5001900US3621,45340
5001700US3620,5001900US3619,24140
5001700US3620,5001900US3620,714687
5001700US3620,5001900US3621,7463
5001700US3621,5001900US3620,39300
5001700US3621,5001900US3621,583690
5001700US3621,5001900US3624,82051
5001700US3622,5001900US3619,253988
5001700US3622,5001900US3621,140478
5001700US3622,5001900US3622,247505
5001700US3622,5001900US3623,10374
5001700US3622,5001900US3624,44265
5001700US3623,5001900US3619,105740
5001700US3623,5001900US3623,462412
5001700US3623,5001900US3624,125357
5001700US3624,5001900US3622,529466
5001700US3624,5001900US3624,187841
5001700US3625,5001900US3625,733041
5001700US3626,5001900US3626,742451
5001700US3627,5001900US3623,304185
5001700US3627,5001900US3624,337457
5001700US3627,5001900US3625,43930
5001700US3627,5001900US3626,34520
5001700US3701,5001900US3701,323902
5001700US3701,5001900US3703,78733
5001700US3701,5001900US3704,286624
5001700US3701,5001900US3713,50174
5001700US3702,5001900US3701,119881
5001700US3702,5001900US3702,162205
5001700US3702,5001900US3704,126509
5001700US3702,5001900US3713,502779
5001700US3703,5001900US3701,184554
5001700US3703,5001900US3703,572096
5001700US3704,5001900US3702,583465
5001700US3704,5001900US3704,291898
5001700US3705,5001900US3705,309843
5001700US3705,5001900US3706,108247
5001700US3705,5001900US3710,321815
5001700US3705,5001900US3711,17806
5001700US3706,5001900US3704,40640
5001700US3706,5001900US3705,216290
5001700US3706,5001900US3709,413171
5001700US3706,5001900US3713,125118
5001700US3707,5001900US3701,117333
5001700US3707,5001900US3703,94842
5001700US3707,5001900US3707,493650
5001700US3707,5001900US3713,67599
5001700US3708,5001900US3706,194142
5001700US3708,5001900US3707,108801
5001700US3708,5001900US3708,212801
5001700US3708,5001900US3709,294870
5001700US3709,5001900US3707,143220
5001700US3709,5001900US3708,526847
5001700US3709,5001900US3712,77291
5001700US3709,5001900US3714,21559
5001700US3710,5001900US3710,243711
5001700US3710,5001900US3711,127525
5001700US3710,5001900US3714,405455
5001700US3711,5001900US3705,80652
5001700US3711,5001900US3711,600339
5001700US3711,5001900US3714,87570
5001700US3712,5001900US3708,6023
5001700US3712,5001900US3712,668379
5001700US3712,5001900US3714,231087
5001700US3713,5001900US3705,138886
5001700US3713,5001900US3706,443282
5001700US3713,5001900US3709,37630
5001700US3713,5001900US3710,180144
5001700US3800,5001900US3800,779094
5001700US3901,5001900US3901,546669
5001700US3901,5001900US3908,221881
5001700US3902,5001900US3901,239961
5001700US3902,5001900US3902,430367
5001700US3902,5001900US3908,64465
5001700US3903,5001900US3903,539259
5001700US3903,5001900US3915,270490
5001700US3904,5001900US3904,369753
5001700US3904,5001900US3905,244059
5001700US3904,5001900US3909,70422
5001700US3904,5001900US3915,31943
5001700US3905,5001900US3904,31767
5001700US3905,5001900US3905,297047
5001700US3905,5001900US3909,402238
5001700US3906,5001900US3902,177720
5001700US3906,5001900US3906,428682
5001700US3906,5001900US3912,80716
5001700US3907,5001900US3904,102547
5001700US3907,5001900US3905,120549
5001700US3907,5001900US3906,144800
5001700US3907,5001900US3907,73679
5001700US3907,5001900US3912,152802
5001700US3907,5001900US3913,142963
5001700US3908,5001900US3905,17724
5001700US3908,5001900US3908,500283
5001700US3908,5001900US3910,81355
5001700US3908,5001900US3915,146374
5001700US3909,5001900US3905,107251
5001700US3909,5001900US3907,113384
5001700US3909,5001900US3909,313970
5001700US3909,5001900US3911,169446
5001700US3910,5001900US3910,705275
5001700US3910,5001900US3915,24130
5001700US3911,5001900US3907,37741
5001700US3911,5001900US3911,560772
5001700US3911,5001900US3913,94076
5001700US3912,5001900US3903,159655
5001700US3912,5001900US3904,282563
5001700US3912,5001900US3912,286499
5001700US3912,5001900US3915,80227
5001700US3913,5001900US3906,203489
5001700US3913,5001900US3913,222859
5001700US3913,5001900US3914,272093
5001700US3914,5001900US3907,51046
5001700US3914,5001900US3911,56412
5001700US3914,5001900US3913,138217
5001700US3914,5001900US3914,484381
5001700US3915,5001900US3902,178542
5001700US3915,5001900US3903,87716
5001700US3915,5001900US3912,266613
5001700US3915,5001900US3915,233466
5001700US3916,5001900US3906,9659
5001700US3916,5001900US3907,510780
5001700US3916,5001900US3913,188515
5001700US3916,5001900US3914,30156
5001700US4001,5001900US4001,758164
5001700US4001,5001900US4002,70483
5001700US4001,5001900US4003,30
5001700US4002,5001900US4001,690
5001700US4002,5001900US4002,721388
5001700US4003,5001900US4001,33017
5001700US4003,5001900US4003,589538
5001700US4003,5001900US4005,162636
5001700US4004,5001900US4003,21541
5001700US4004,5001900US4004,761773
5001700US4004,5001900US4005,15238
5001700US4005,5001900US4003,180762
5001700US4005,5001900US4004,30097
5001700US4005,5001900US4005,613996
5001700US4101,5001900US4101,578179
5001700US4101,5001900US4105,30
5001700US4101,5001900US4106,285843
5001700US4102,5001900US4102,653012
5001700US4102,5001900US4103,23977
5001700US4102,5001900US4105,173982
5001700US4103,5001900US4101,100640
5001700US4103,5001900US4103,676128
5001700US4103,5001900US4105,74310
5001700US4104,5001900US4102,53197
5001700US4104,5001900US4104,642858
5001700US4104,5001900US4105,127553
5001700US4105,5001900US4101,27390
5001700US4105,5001900US4103,6104
5001700US4105,5001900US4104,63350
5001700US4105,5001900US4105,330334
5001700US4105,5001900US4106,420369
5001700US4201,5001900US4201,713282
5001700US4201,5001900US4204,19364
5001700US4202,5001900US4202,733054
5001700US4203,5001900US4202,31811
5001700US4203,5001900US4203,720246
5001700US4204,5001900US4201,51584
5001700US4204,5001900US4203,19
5001700US4204,5001900US4204,624540
5001700US4204,5001900US4205,78453
5001700US4205,5001900US4203,44599
5001700US4205,5001900US4205,686413
5001700US4206,5001900US4206,752938
5001700US4207,5001900US4207,692643
5001700US4207,5001900US4208,53139
5001700US4208,5001900US4207,7473
5001700US4208,5001900US4208,704423
5001700US4208,5001900US4209,1190
5001700US4209,5001900US4204,120961
5001700US4209,5001900US4206,11926
5001700US4209,5001900US4207,64749
5001700US4209,5001900US4208,7304
5001700US4209,5001900US4209,501306
5001700US4210,5001900US4210,735826
5001700US4210,5001900US4211,23660
5001700US4211,5001900US4210,7387
5001700US4211,5001900US4211,741204
5001700US4212,5001900US4209,262368
5001700US4212,5001900US4213,115494
5001700US4212,5001900US4215,308920
5001700US4213,5001900US4210,21651
5001700US4213,5001900US4213,561355
5001700US4213,5001900US4214,111807
5001700US4214,5001900US4212,110935
5001700US4214,5001900US4214,578654
5001700US4215,5001900US4213,88015
5001700US4215,5001900US4214,74405
5001700US4215,5001900US4215,455944
5001700US4215,5001900US4216,55961
5001700US4216,5001900US4216,688028
5001700US4217,5001900US4216,20876
5001700US4217,5001900US4217,716180
5001700US4218,5001900US4212,653929
5001700US4218,5001900US4217,48684
5001700US4401,5001900US4401,546128
5001700US4401,5001900US4402,8179
5001700US4402,5001900US4401,1950
5001700US4402,5001900US4402,541122
5001700US4501,5001900US4501,678404
5001700US4501,5001900US4506,140489
5001700US4502,5001900US4502,707432
5001700US4502,5001900US4506,14397
5001700US4503,5001900US4503,692784
5001700US4503,5001900US4504,14001
5001700US4504,5001900US4503,7111
5001700US4504,5001900US4504,717203
5001700US4504,5001900US4505,35919
5001700US4505,5001900US4503,31309
5001700US4505,5001900US4505,694939
5001700US4505,5001900US4506,10038
5001700US4506,5001900US4501,52799
5001700US4506,5001900US4502,23771
5001700US4506,5001900US4505,346
5001700US4506,5001900US4506,565994
5001700US4506,5001900US4507,3553
5001700US4507,5001900US4506,286
5001700US4507,5001900US4507,727650
5001700US4600,5001900US4600,886667
5001700US4701,5001900US4701,726822
5001700US4702,5001900US4701,41049
5001700US4702,5001900US4702,732785
5001700US4703,5001900US4702,35086
5001700US4703,5001900US4703,687471
5001700US4703,5001900US4706,15969
5001700US4704,5001900US4703,80400
5001700US4704,5001900US4704,635478
5001700US4704,5001900US4705,108811
5001700US4704,5001900US4706,6158
5001700US4705,5001900US4705,346457
5001700US4705,5001900US4706,188668
5001700US4705,5001900US4707,265122
5001700US4706,5001900US4704,57889
5001700US4706,5001900US4705,112307
5001700US4706,5001900US4706,557076
5001700US4706,5001900US4707,83827
5001700US4707,5001900US4704,74505
5001700US4707,5001900US4705,200296
5001700US4707,5001900US4707,418834
5001700US4707,5001900US4708,128734
5001700US4708,5001900US4707,88
5001700US4708,5001900US4708,637367
5001700US4708,5001900US4709,78892
5001700US4709,5001900US4708,1770
5001700US4709,5001900US4709,688979
5001700US4801,5001900US4801,555174
5001700US4801,5001900US4805,16141
5001700US4801,5001900US4817,151048
5001700US4802,5001900US4802,264821
5001700US4802,5001900US4807,96982
5001700US4802,5001900US4808,14344
5001700US4802,5001900US4809,4379
5001700US4802,5001900US4818,153179
5001700US4802,5001900US4838,280999
5001700US4803,5001900US4803,561979
5001700US4803,5001900US4804,294509
5001700US4803,5001900US4832,76520
5001700US4804,5001900US4801,211813
5001700US4804,5001900US4803,140042
5001700US4804,5001900US4804,421285
5001700US4804,5001900US4805,14116
5001700US4805,5001900US4805,479400
5001700US4805,5001900US4806,108334
5001700US4805,5001900US4824,19766
5001700US4805,5001900US4830,14977
5001700US4805,5001900US4832,160639
5001700US4806,5001900US4806,356841
5001700US4806,5001900US4812,34722
5001700US4806,5001900US4825,346164
5001700US4806,5001900US4830,52650
5001700US4806,5001900US4833,34601
5001700US4807,5001900US4807,262847
5001700US4807,5001900US4808,231116
5001700US4807,5001900US4809,50584
5001700US4807,5001900US4822,27610
5001700US4807,5001900US4838,228754
5001700US4808,5001900US4802,382026
5001700US4808,5001900US4808,325528
5001700US4808,5001900US4810,42723
5001700US4808,5001900US4817,102253
5001700US4808,5001900US4838,63856
5001700US4809,5001900US4807,257829
5001700US4809,5001900US4809,505685
5001700US4809,5001900US4822,7284
5001700US4810,5001900US4808,145876
5001700US4810,5001900US4810,279373
5001700US4810,5001900US4817,7403
5001700US4810,5001900US4822,54111
5001700US4810,5001900US4827,2264
5001700US4810,5001900US4835,58265
5001700US4810,5001900US4837,197312
5001700US4810,5001900US4838,193378
5001700US4811,5001900US4811,570685
5001700US4811,5001900US4819,46849
5001700US4811,5001900US4825,162160
5001700US4812,5001900US4812,718405
5001700US4812,5001900US4813,680
5001700US4812,5001900US4824,65587
5001700US4812,5001900US4825,50048
5001700US4812,5001900US4826,26779
5001700US4812,5001900US4833,3025
5001700US4813,5001900US4813,629009
5001700US4813,5001900US4819,9090
5001700US4813,5001900US4825,8472
5001700US4813,5001900US4826,60899
5001700US4814,5001900US4809,6806
5001700US4814,5001900US4814,681614
5001700US4814,5001900US4822,14686
5001700US4814,5001900US4836,71580
5001700US4815,5001900US4815,527191
5001700US4815,5001900US4828,88626
5001700US4815,5001900US4834,191885
5001700US4816,5001900US4816,720471
5001700US4816,5001900US4823,36891
5001700US4817,5001900US4806,12511
5001700US4817,5001900US4810,277843
5001700US4817,5001900US4817,419449
5001700US4817,5001900US4837,95803
5001700US4818,5001900US4802,41090
5001700US4818,5001900US4807,8898
5001700US4818,5001900US4809,29562
5001700US4818,5001900US4818,607268
5001700US4818,5001900US4829,110090
5001700US4819,5001900US4819,711048
5001700US4819,5001900US4825,20376
5001700US4820,5001900US4820,635137
5001700US4820,5001900US4821,12096
5001700US4820,5001900US4823,92900
5001700US4820,5001900US4828,11216
5001700US4820,5001900US4835,20754
5001700US4821,5001900US4810,601
5001700US4821,5001900US4820,20470
5001700US4821,5001900US4821,602532
5001700US4821,5001900US4823,2134
5001700US4821,5001900US4835,41202
5001700US4821,5001900US4837,181131
5001700US4822,5001900US4807,140431
5001700US4822,5001900US4809,133151
5001700US4822,5001900US4814,565
5001700US4822,5001900US4822,585471
5001700US4822,5001900US4829,9046
5001700US4822,5001900US4836,103645
5001700US4823,5001900US4816,46515
5001700US4823,5001900US4820,104457
5001700US4823,5001900US4821,4466
5001700US4823,5001900US4823,633614
5001700US4823,5001900US4828,45597
5001700US4824,5001900US4806,65772
5001700US4824,5001900US4812,9198
5001700US4824,5001900US4824,372695
5001700US4824,5001900US4826,101220
5001700US4824,5001900US4832,113363
5001700US4824,5001900US4833,160458
5001700US4825,5001900US4806,83797
5001700US4825,5001900US4810,117248
5001700US4825,5001900US4811,67519
5001700US4825,5001900US4821,63798
5001700US4825,5001900US4825,170312
5001700US4825,5001900US4831,158680
5001700US4825,5001900US4835,35895
5001700US4825,5001900US4837,149203
5001700US4826,5001900US4804,51193
5001700US4826,5001900US4812,71
5001700US4826,5001900US4813,137298
5001700US4826,5001900US4824,176455
5001700US4826,5001900US4826,578089
5001700US4827,5001900US4822,77825
5001700US4827,5001900US4827,661872
5001700US4828,5001900US4815,186725
5001700US4828,5001900US4821,9476
5001700US4828,5001900US4823,1448
5001700US4828,5001900US4828,478191
5001700US4828,5001900US4835,105436
5001700US4829,5001900US4809,36820
5001700US4829,5001900US4818,6540
5001700US4829,5001900US4829,647837
5001700US4829,5001900US4836,26058
5001700US4830,5001900US4830,654868
5001700US4830,5001900US4832,126039
5001700US4830,5001900US4833,2069
5001700US4831,5001900US4810,49199
5001700US4831,5001900US4811,128783
5001700US4831,5001900US4817,86834
5001700US4831,5001900US4831,608307
5001700US4831,5001900US4837,60649
5001700US4832,5001900US4803,64966
5001700US4832,5001900US4805,257330
5001700US4832,5001900US4824,132452
5001700US4832,5001900US4830,44492
5001700US4832,5001900US4832,290426
5001700US4833,5001900US4806,139732
5001700US4833,5001900US4812,4591
5001700US4833,5001900US4824,32
5001700US4833,5001900US4825,9455
5001700US4833,5001900US4833,566834
5001700US4834,5001900US4815,53071
5001700US4834,5001900US4827,83678
5001700US4834,5001900US4834,575102
5001700US4835,5001900US4820,6923
5001700US4835,5001900US4821,74619
5001700US4835,5001900US4827,19173
5001700US4835,5001900US4828,143357
5001700US4835,5001900US4835,505435
5001700US4835,5001900US4837,82889
5001700US4836,5001900US4802,79050
5001700US4836,5001900US4808,50123
5001700US4836,5001900US4814,84808
5001700US4836,5001900US4829,14
5001700US4836,5001900US4836,565704
5001700US4901,5001900US4901,727350
5001700US4901,5001900US4903,72747
5001700US4902,5001900US4901,71517
5001700US4902,5001900US4902,713118
5001700US4902,5001900US4904,17001
5001700US4903,5001900US4903,671181
5001700US4903,5001900US4904,115533
5001700US4904,5001900US4901,19037
5001700US4904,5001900US4902,104786
5001700US4904,5001900US4903,73976
5001700US4904,5001900US4904,685370
5001700US5000,5001900US5000,643077
5001700US5101,5001900US5101,319599
5001700US5101,5001900US5105,16840
5001700US5101,5001900US5107,346606
5001700US5101,5001900US5110,144561
5001700US5102,5001900US5101,115713
5001700US5102,5001900US5102,505165
5001700US5102,5001900US5103,129952
5001700US5103,5001900US5102,120802
5001700US5103,5001900US5103,635959
5001700US5104,5001900US5101,3428
5001700US5104,5001900US5102,159471
5001700US5104,5001900US5103,13676
5001700US5104,5001900US5104,613240
5001700US5105,5001900US5104,15849
5001700US5105,5001900US5105,512004
5001700US5105,5001900US5107,34499
5001700US5105,5001900US5109,113301
5001700US5105,5001900US5110,63558
5001700US5106,5001900US5105,138207
5001700US5106,5001900US5106,583681
5001700US5106,5001900US5109,41513
5001700US5107,5001900US5101,345516
5001700US5107,5001900US5104,158284
5001700US5107,5001900US5105,121563
5001700US5107,5001900US5107,192056
5001700US5108,5001900US5108,715090
5001700US5108,5001900US5111,83167
5001700US5109,5001900US5106,65177
5001700US5109,5001900US5109,631578
5001700US5110,5001900US5106,134322
5001700US5110,5001900US5108,13711
5001700US5110,5001900US5110,573487
5001700US5110,5001900US5111,163902
5001700US5111,5001900US5107,210527
5001700US5111,5001900US5108,55292
5001700US5111,5001900US5110,2669
5001700US5111,5001900US5111,537428
5001700US5301,5001900US5301,488664
5001700US5301,5001900US5302,173179
5001700US5301,5001900US5308,127897
5001700US5302,5001900US5301,214508
5001700US5302,5001900US5302,547748
5001700US5302,5001900US5308,2110
5001700US5303,5001900US5303,750015
5001700US5303,5001900US5304,22735
5001700US5304,5001900US5304,728180
5001700US5304,5001900US5305,23663
5001700US5305,5001900US5305,751208
5001700US5306,5001900US5306,712370
5001700US5306,5001900US5310,24428
5001700US5307,5001900US5302,48178
5001700US5307,5001900US5307,750157
5001700US5307,5001900US5309,1055
5001700US5308,5001900US5304,17795
5001700US5308,5001900US5306,6636
5001700US5308,5001900US5308,613090
5001700US5308,5001900US5309,116294
5001700US5308,5001900US5310,26679
5001700US5309,5001900US5301,68859
5001700US5309,5001900US5306,23797
5001700US5309,5001900US5307,19506
5001700US5309,5001900US5308,9768
5001700US5309,5001900US5309,651489
5001700US5310,5001900US5303,19293
5001700US5310,5001900US5306,30475
5001700US5310,5001900US5308,16982
5001700US5310,5001900US5310,718523
5001700US5401,5001900US5401,7408
5001700US5401,5001900US5402,594636
5001700US5402,5001900US5401,318068
5001700US5402,5001900US5402,303013
5001700US5403,5001900US5401,570591
5001700US5501,5001900US5501,631331
5001700US5501,5001900US5505,96121
5001700US5502,5001900US5501,45413
5001700US5502,5001900US5502,736715
5001700US5502,5001900US5503,7265
5001700US5503,5001900US5503,729448
5001700US5503,5001900US5507,4136
5001700US5504,5001900US5501,48160
5001700US5504,5001900US5504,647235
5001700US5505,5001900US5501,11811
5001700US5505,5001900US5504,87787
5001700US5505,5001900US5505,635923
5001700US5505,5001900US5506,50
5001700US5506,5001900US5504,1692
5001700US5506,5001900US5505,4671
5001700US5506,5001900US5506,721411
5001700US5507,5001900US5503,3
5001700US5507,5001900US5507,732579
5001700US5508,5001900US5506,15253
5001700US5508,5001900US5508,736714
5001700US5600,5001900US5600,576851
